{"type":"FeatureCollection","features":[{"type":"Feature","properties":{"route":"1"},"geometry":{"type":"LineString","coordinates":[[-73.898583,40.889248],[-73.90073,40.884928],[-73.901602,40.883467],[-73.906061,40.877176],[-73.908261,40.87577],[-73.912201,40.872766],[-73.913803,40.871376],[-73.919565,40.863669],[-73.920305,40.863239],[-73.924151,40.861805],[-73.92519,40.861],[-73.967465,40.803121],[-73.967789,40.802298],[-73.968082,40.800124],[-73.96866,40.798954],[-73.975942,40.788957],[-73.977656,40.786953],[-73.980473,40.783149],[-73.981314,40.780996],[-73.982058,40.777869],[-73.982212,40.774166],[-73.982088,40.768794],[-73.981689,40.767324],[-73.981977,40.765461],[-73.982464,40.764029],[-73.984577,40.760592],[-73.985786,40.757638],[-74.000973,40.736761],[-74.005062,40.729642],[-74.007117,40.718262],[-74.010848,40.713482],[-74.011986,40.712394],[-74.012648,40.710132],[-74.015086,40.704487],[-74.014952,40.703391],[-74.013664,40.702068]]}},{"type":"Feature","properties":{"route":"2"},"geometry":{"type":"LineString","coordinates":[[-73.85062,40.903125],[-73.85151,40.902066],[-73.852447,40.900653],[-73.855124,40.897451],[-73.863846,40.881715],[-73.866928,40.876693],[-73.867846,40.85007],[-73.867986,40.849629],[-73.869431,40.847153],[-73.870857,40.844101],[-73.871389,40.843567],[-73.87443,40.84121],[-73.876841,40.840784],[-73.877474,40.840846],[-73.878512,40.841249],[-73.878966,40.841245],[-73.880049,40.840295],[-73.880498,40.840057],[-73.881759,40.839642],[-73.883573,40.839484],[-73.884441,40.839252],[-73.887544,40.837463],[-73.888068,40.83683],[-73.891704,40.830667],[-73.891875,40.829842],[-73.891922,40.825069],[-73.892182,40.824554],[-73.903268,40.818818],[-73.905518,40.817813],[-73.908375,40.816174],[-73.909111,40.815963],[-73.909808,40.815926],[-73.91403,40.816201],[-73.915469,40.81574],[-73.916277,40.815702],[-73.929801,40.819165],[-73.931501,40.819335],[-73.935458,40.819299],[-73.936378,40.819161],[-73.937034,40.818896],[-73.937754,40.818371],[-73.951822,40.799075],[-73.952322,40.79856],[-73.95331,40.798177],[-73.960984,40.796872],[-73.961593,40.797002],[-73.96696,40.799215],[-73.967828,40.799244],[-73.96872,40.798781],[-73.975942,40.788957],[-73.977656,40.786953],[-73.979917,40.783934],[-73.980748,40.782622],[-73.981757,40.779426],[-73.982091,40.777496],[-73.982212,40.774166],[-73.982088,40.768794],[-73.981689,40.767324],[-73.981977,40.765461],[-73.982626,40.763714],[-73.984577,40.760592],[-73.985638,40.75788],[-74.000973,40.736761],[-74.00516,40.729414],[-74.007089,40.718334],[-74.010353,40.713961],[-74.01016,40.713662],[-74.007548,40.712431],[-74.005848,40.71062],[-74.005763,40.710376],[-74.00967,40.706141],[-74.009981,40.70538],[-74.009892,40.70497],[-74.006508,40.701924],[-74.00471,40.700828],[-74.00291,40.700174],[-73.991667,40.697046],[-73.991255,40.696643],[-73.990439,40.694124],[-73.989735,40.692699],[-73.989447,40.692361],[-73.981001,40.688856],[-73.971046,40.675235],[-73.969806,40.673679],[-73.969259,40.673208],[-73.968631,40.672955],[-73.964375,40.671987],[-73.955823,40.670208],[-73.951542,40.669909],[-73.950684,40.669592],[-73.950559,40.669213],[-73.95098,40.664053],[-73.947642,40.632836]]}},{"type":"Feature","properties":{"route":"2"},"geometry":{"type":"LineString","coordinates":[[-73.854376,40.898379],[-73.855124,40.897451],[-73.863846,40.881715],[-73.866928,40.876693],[-73.867846,40.85007],[-73.867986,40.849629],[-73.869431,40.847153],[-73.870857,40.844101],[-73.871389,40.843567],[-73.87443,40.84121],[-73.876841,40.840784],[-73.877474,40.840846],[-73.878512,40.841249],[-73.878966,40.841245],[-73.880049,40.840295],[-73.880498,40.840057],[-73.881759,40.839642],[-73.883573,40.839484],[-73.884441,40.839252],[-73.887544,40.837463],[-73.888068,40.83683],[-73.891704,40.830667],[-73.891875,40.829842],[-73.891922,40.825069],[-73.892182,40.824554],[-73.903268,40.818818],[-73.905518,40.817813],[-73.908375,40.816174],[-73.909111,40.815963],[-73.909808,40.815926],[-73.91403,40.816201],[-73.915469,40.81574],[-73.916277,40.815702],[-73.929801,40.819165],[-73.931501,40.819335],[-73.935458,40.819299],[-73.936378,40.819161],[-73.937034,40.818896],[-73.937754,40.818371],[-73.951822,40.799075],[-73.952322,40.79856],[-73.95331,40.798177],[-73.960984,40.796872],[-73.961593,40.797002],[-73.96696,40.799215],[-73.967828,40.799244],[-73.96872,40.798781],[-73.975942,40.788957],[-73.977656,40.786953],[-73.979917,40.783934],[-73.980748,40.782622],[-73.981757,40.779426],[-73.982091,40.777496],[-73.982212,40.774166],[-73.982088,40.768794],[-73.981689,40.767324],[-73.981977,40.765461],[-73.982626,40.763714],[-73.984577,40.760592],[-73.985638,40.75788],[-74.000973,40.736761],[-74.00516,40.729414],[-74.007089,40.718334],[-74.010353,40.713961],[-74.01016,40.713662],[-74.007548,40.712431],[-74.005848,40.71062],[-74.005763,40.710376],[-74.00967,40.706141],[-74.009981,40.70538],[-74.009892,40.70497],[-74.006508,40.701924],[-74.00471,40.700828],[-74.00291,40.700174],[-73.991667,40.697046],[-73.991255,40.696643],[-73.990439,40.694124],[-73.989735,40.692699],[-73.989447,40.692361],[-73.981001,40.688856],[-73.971046,40.675235],[-73.969806,40.673679],[-73.969259,40.673208],[-73.968631,40.672955],[-73.964375,40.671987],[-73.955823,40.670208],[-73.951542,40.669909],[-73.950684,40.669592],[-73.950559,40.669213],[-73.95098,40.664053],[-73.947642,40.632836]]}},{"type":"Feature","properties":{"route":"2"},"geometry":{"type":"LineString","coordinates":[[-73.884079,40.666235],[-73.918245,40.661198],[-73.918958,40.66145],[-73.924177,40.666124],[-73.925038,40.667735],[-73.925553,40.668271],[-73.925986,40.668473],[-73.955258,40.670118],[-73.964375,40.671987],[-73.968947,40.673056],[-73.969694,40.673552],[-73.971046,40.675235],[-73.981001,40.688856],[-73.989447,40.692361],[-73.989735,40.692699],[-73.990439,40.694124],[-73.991255,40.696643],[-73.991667,40.697046],[-74.00426,40.700635],[-74.005185,40.701068],[-74.006508,40.701924],[-74.009737,40.70477],[-74.009996,40.705281],[-74.00967,40.706141],[-74.005869,40.710148],[-74.005761,40.710437],[-74.007548,40.712431],[-74.01016,40.713662],[-74.010347,40.714013],[-74.007089,40.718334],[-74.005221,40.729169],[-74.004935,40.729881],[-74.000973,40.736761],[-73.985786,40.757638],[-73.984577,40.760592],[-73.982464,40.764029],[-73.981977,40.765461],[-73.981689,40.767324],[-73.982088,40.768794],[-73.982212,40.774166],[-73.982058,40.777869],[-73.981314,40.780996],[-73.980664,40.782794],[-73.977656,40.786953],[-73.975942,40.788957],[-73.96898,40.798506],[-73.968144,40.79915],[-73.967495,40.799278],[-73.96696,40.799215],[-73.961593,40.797002],[-73.960984,40.796872],[-73.95331,40.798177],[-73.952322,40.79856],[-73.951822,40.799075],[-73.937754,40.818371],[-73.936548,40.819108],[-73.935458,40.819299],[-73.931501,40.819335],[-73.929973,40.819194],[-73.916277,40.815702],[-73.915469,40.81574],[-73.913796,40.816213],[-73.910726,40.815949],[-73.909111,40.815963],[-73.908375,40.816174],[-73.905518,40.817813],[-73.903268,40.818818],[-73.892182,40.824554],[-73.891922,40.825069],[-73.891875,40.829842],[-73.891704,40.830667],[-73.88765,40.837371],[-73.884441,40.839252],[-73.883573,40.839484],[-73.881759,40.839642],[-73.880498,40.840057],[-73.880049,40.840295],[-73.878966,40.841245],[-73.878512,40.841249],[-73.877474,40.840846],[-73.876841,40.840784],[-73.874329,40.841252],[-73.871389,40.843567],[-73.870597,40.844505],[-73.869431,40.847153],[-73.867986,40.849629],[-73.867846,40.85007],[-73.866928,40.876693],[-73.863846,40.881715],[-73.855124,40.897451],[-73.852447,40.900653],[-73.85151,40.902066],[-73.85062,40.903125]]}},{"type":"Feature","properties":{"route":"3"},"geometry":{"type":"LineString","coordinates":[[-73.93647,40.82388],[-73.935041,40.823283],[-73.934777,40.823066],[-73.934725,40.82271],[-73.935099,40.821793],[-73.936245,40.820421],[-73.952174,40.798665],[-73.95331,40.798177],[-73.960984,40.796872],[-73.961824,40.797093],[-73.966773,40.799164],[-73.967495,40.799278],[-73.968295,40.79908],[-73.96898,40.798506],[-73.975942,40.788957],[-73.977656,40.786953],[-73.979917,40.783934],[-73.980847,40.782374],[-73.981757,40.779426],[-73.982058,40.777869],[-73.982212,40.774166],[-73.982088,40.768794],[-73.981689,40.767324],[-73.982156,40.764821],[-73.983038,40.76298],[-73.984577,40.760592],[-73.985709,40.757758],[-73.991057,40.750373]]}},{"type":"Feature","properties":{"route":"3"},"geometry":{"type":"LineString","coordinates":[[-73.93647,40.82388],[-73.935041,40.823283],[-73.934777,40.823066],[-73.934725,40.82271],[-73.935099,40.821793],[-73.936245,40.820421],[-73.952174,40.798665],[-73.95331,40.798177],[-73.960984,40.796872],[-73.961824,40.797093],[-73.966773,40.799164],[-73.967495,40.799278],[-73.968295,40.79908],[-73.96898,40.798506],[-73.975942,40.788957],[-73.977656,40.786953],[-73.980473,40.783149],[-73.981314,40.780996],[-73.982058,40.777869],[-73.982212,40.774166],[-73.982088,40.768794],[-73.981689,40.767324],[-73.981977,40.765461],[-73.98232,40.764386],[-73.983038,40.76298],[-73.984577,40.760592],[-73.985786,40.757638],[-74.000973,40.736761],[-74.005062,40.729642],[-74.007089,40.718334],[-74.010353,40.713961],[-74.01016,40.713662],[-74.007548,40.712431],[-74.005848,40.71062],[-74.005763,40.710376],[-74.009488,40.706375],[-74.009889,40.705735],[-74.009957,40.705083],[-74.009737,40.70477],[-74.006508,40.701924],[-74.00471,40.700828],[-74.00291,40.700174],[-73.991667,40.697046],[-73.991255,40.696643],[-73.990439,40.694124],[-73.989735,40.692699],[-73.989447,40.692361],[-73.981001,40.688856],[-73.971046,40.675235],[-73.969694,40.673552],[-73.968779,40.672999],[-73.955258,40.670118],[-73.925986,40.668473],[-73.925553,40.668271],[-73.925038,40.667735],[-73.924177,40.666124],[-73.918958,40.66145],[-73.918245,40.661198],[-73.884079,40.666235]]}},{"type":"Feature","properties":{"route":"3"},"geometry":{"type":"LineString","coordinates":[[-73.987495,40.75529],[-73.985638,40.75788],[-73.984577,40.760592],[-73.982793,40.763412],[-73.982063,40.765125],[-73.981689,40.767324],[-73.982088,40.768794],[-73.982212,40.774166],[-73.982058,40.777869],[-73.981757,40.779426],[-73.980847,40.782374],[-73.979917,40.783934],[-73.977656,40.786953],[-73.975942,40.788957],[-73.96898,40.798506],[-73.968295,40.79908],[-73.967495,40.799278],[-73.966773,40.799164],[-73.961824,40.797093],[-73.960984,40.796872],[-73.95331,40.798177],[-73.952174,40.798665],[-73.936245,40.820421],[-73.935099,40.821793],[-73.934725,40.82271],[-73.934777,40.823066],[-73.935041,40.823283],[-73.93647,40.82388]]}},{"type":"Feature","properties":{"route":"3"},"geometry":{"type":"LineString","coordinates":[[-73.936245,40.820421],[-73.952174,40.798665],[-73.95331,40.798177],[-73.960984,40.796872],[-73.961824,40.797093],[-73.966773,40.799164],[-73.967495,40.799278],[-73.968295,40.79908],[-73.96898,40.798506],[-73.975942,40.788957],[-73.977656,40.786953],[-73.980371,40.783313],[-73.980748,40.782622],[-73.981314,40.780996],[-73.982058,40.777869],[-73.982212,40.774166],[-73.982088,40.768794],[-73.981689,40.767324],[-73.981977,40.765461],[-73.98232,40.764386],[-73.983038,40.76298],[-73.984577,40.760592],[-73.985786,40.757638],[-74.000973,40.736761],[-74.005062,40.729642],[-74.007089,40.718334],[-74.010353,40.713961],[-74.01016,40.713662],[-74.007548,40.712431],[-74.005848,40.71062],[-74.005763,40.710376],[-74.009488,40.706375],[-74.009889,40.705735],[-74.009957,40.705083],[-74.009737,40.70477],[-74.006508,40.701924],[-74.00471,40.700828],[-74.00291,40.700174],[-73.991667,40.697046],[-73.991255,40.696643],[-73.990439,40.694124],[-73.989735,40.692699],[-73.989447,40.692361],[-73.981001,40.688856],[-73.971046,40.675235],[-73.969694,40.673552],[-73.968779,40.672999],[-73.955258,40.670118],[-73.925986,40.668473],[-73.925553,40.668271],[-73.925038,40.667735],[-73.924177,40.666124],[-73.918958,40.66145],[-73.918245,40.661198],[-73.884079,40.666235]]}},{"type":"Feature","properties":{"route":"4"},"geometry":{"type":"LineString","coordinates":[[-73.878751,40.886037],[-73.881332,40.882656],[-73.88754,40.877226],[-73.887857,40.876764],[-73.88882,40.874628],[-73.889214,40.874115],[-73.891764,40.872102],[-73.89477,40.870567],[-73.895412,40.870029],[-73.90166,40.861995],[-73.905292,40.856143],[-73.910243,40.850631],[-73.918951,40.838463],[-73.920309,40.837361],[-73.927074,40.825847],[-73.927191,40.82491],[-73.926226,40.821992],[-73.926218,40.821007],[-73.929244,40.813931],[-73.934662,40.808149],[-73.975427,40.7523],[-73.975869,40.752014],[-73.977884,40.75154],[-73.978287,40.751266],[-73.989845,40.735409],[-73.989969,40.734884],[-73.989863,40.733476],[-73.990682,40.730419],[-73.991669,40.729595],[-73.993622,40.727308],[-73.996631,40.723488],[-73.99722,40.722188],[-74.002905,40.715772],[-74.003369,40.71393],[-74.00493,40.71234],[-74.008372,40.711442],[-74.00877,40.711218],[-74.013759,40.705299],[-74.014428,40.704123],[-74.014659,40.703325],[-74.014509,40.702618],[-74.014111,40.702119],[-74.005764,40.695813],[-74.003274,40.694909],[-73.999213,40.693877],[-73.989328,40.692242],[-73.981065,40.688902],[-73.971046,40.675235],[-73.969694,40.673552],[-73.969259,40.673208],[-73.968631,40.672955],[-73.955258,40.670118],[-73.925986,40.668473],[-73.925553,40.668271],[-73.925038,40.667735],[-73.924177,40.666124],[-73.918958,40.66145],[-73.918245,40.661198],[-73.884079,40.666235]]}},{"type":"Feature","properties":{"route":"4"},"geometry":{"type":"LineString","coordinates":[[-73.878751,40.886037],[-73.881332,40.882656],[-73.88754,40.877226],[-73.887857,40.876764],[-73.88882,40.874628],[-73.889214,40.874115],[-73.891764,40.872102],[-73.89477,40.870567],[-73.895412,40.870029],[-73.90166,40.861995],[-73.905292,40.856143],[-73.910243,40.850631],[-73.918951,40.838463],[-73.920309,40.837361],[-73.927074,40.825847],[-73.927191,40.82491],[-73.926226,40.821992],[-73.926218,40.821007],[-73.929244,40.813931],[-73.934662,40.808149],[-73.975427,40.7523],[-73.975869,40.752014],[-73.977884,40.75154],[-73.978287,40.751266],[-73.989845,40.735409],[-73.989969,40.734884],[-73.989863,40.733476],[-73.990682,40.730419],[-73.991669,40.729595],[-73.993622,40.727308],[-73.996631,40.723488],[-73.99722,40.722188],[-74.002905,40.715772],[-74.003369,40.71393],[-74.00493,40.71234],[-74.008372,40.711442],[-74.00877,40.711218],[-74.013759,40.705299],[-74.014612,40.703634],[-74.014615,40.70289],[-74.014111,40.702119],[-74.005764,40.695813],[-74.003274,40.694909],[-73.999213,40.693877],[-73.989328,40.692242],[-73.981065,40.688902],[-73.971046,40.675235],[-73.969694,40.673552],[-73.968947,40.673056],[-73.964375,40.671987],[-73.955258,40.670118],[-73.932942,40.668897]]}},{"type":"Feature","properties":{"route":"5"},"geometry":{"type":"LineString","coordinates":[[-73.830834,40.8883],[-73.832712,40.885577],[-73.856268,40.857915],[-73.857103,40.857109],[-73.868618,40.847777],[-73.869952,40.845968],[-73.870857,40.844101],[-73.873488,40.841894]]}},{"type":"Feature","properties":{"route":"5"},"geometry":{"type":"LineString","coordinates":[[-73.830834,40.8883],[-73.832712,40.885577],[-73.856268,40.857915],[-73.857103,40.857109],[-73.868618,40.847777],[-73.869952,40.845968],[-73.870717,40.844293],[-73.871389,40.843567],[-73.87443,40.84121],[-73.876841,40.840784],[-73.877474,40.840846],[-73.878512,40.841249],[-73.878966,40.841245],[-73.880049,40.840295],[-73.880498,40.840057],[-73.881759,40.839642],[-73.883573,40.839484],[-73.884441,40.839252],[-73.887183,40.837713],[-73.887734,40.837288],[-73.891704,40.830667],[-73.891875,40.829842],[-73.891929,40.824983],[-73.892265,40.824494],[-73.903268,40.818818],[-73.905518,40.817813],[-73.908375,40.816174],[-73.909111,40.815963],[-73.910726,40.815949],[-73.913796,40.816213],[-73.915469,40.81574],[-73.916277,40.815702],[-73.927782,40.818685],[-73.928318,40.818618],[-73.928391,40.818213],[-73.927816,40.817741],[-73.927758,40.817547],[-73.929244,40.813931],[-73.934662,40.808149],[-73.975427,40.7523],[-73.975817,40.752032],[-73.977843,40.751553],[-73.97826,40.751298],[-73.989845,40.735409],[-73.989969,40.734884],[-73.989863,40.733476],[-73.990488,40.730843],[-73.990727,40.730358],[-73.991669,40.729595],[-73.993622,40.727308],[-73.996631,40.723488],[-73.99722,40.722188],[-74.002905,40.715772],[-74.003263,40.714102],[-74.004131,40.713065],[-74.005023,40.712297],[-74.008372,40.711442],[-74.008725,40.711258],[-74.014065,40.704817]]}},{"type":"Feature","properties":{"route":"5"},"geometry":{"type":"LineString","coordinates":[[-73.830834,40.8883],[-73.832712,40.885577],[-73.856268,40.857915],[-73.857103,40.857109],[-73.868618,40.847777],[-73.869952,40.845968],[-73.870717,40.844293],[-73.871389,40.843567],[-73.87443,40.84121],[-73.876841,40.840784],[-73.877474,40.840846],[-73.878512,40.841249],[-73.878966,40.841245],[-73.880049,40.840295],[-73.880498,40.840057],[-73.881759,40.839642],[-73.883573,40.839484],[-73.884441,40.839252],[-73.887183,40.837713],[-73.887734,40.837288],[-73.891704,40.830667],[-73.891875,40.829842],[-73.891929,40.824983],[-73.892265,40.824494],[-73.903268,40.818818],[-73.905518,40.817813],[-73.908375,40.816174],[-73.909111,40.815963],[-73.910726,40.815949],[-73.913796,40.816213],[-73.915469,40.81574],[-73.916277,40.815702],[-73.927782,40.818685],[-73.928318,40.818618],[-73.928391,40.818213],[-73.927816,40.817741],[-73.927758,40.817547],[-73.929244,40.813931],[-73.934662,40.808149],[-73.975427,40.7523],[-73.975817,40.752032],[-73.977843,40.751553],[-73.97826,40.751298],[-73.989845,40.735409],[-73.989969,40.734884],[-73.989863,40.733476],[-73.990488,40.730843],[-73.990727,40.730358],[-73.991669,40.729595],[-73.993622,40.727308],[-73.996631,40.723488],[-73.99722,40.722188],[-74.002905,40.715772],[-74.003263,40.714102],[-74.004131,40.713065],[-74.005023,40.712297],[-74.008372,40.711442],[-74.008725,40.711258],[-74.013759,40.705299],[-74.014428,40.704123],[-74.014612,40.703634],[-74.014645,40.703031],[-74.014509,40.702618],[-74.014111,40.702119],[-74.005764,40.695813],[-74.003274,40.694909],[-73.999213,40.693877],[-73.989328,40.692242],[-73.981065,40.688902],[-73.971046,40.675235],[-73.969806,40.673679],[-73.969259,40.673208],[-73.968631,40.672955],[-73.964375,40.671987],[-73.955823,40.670208],[-73.951542,40.669909],[-73.950684,40.669592],[-73.950559,40.669213],[-73.95098,40.664053],[-73.947642,40.632836]]}},{"type":"Feature","properties":{"route":"5"},"geometry":{"type":"LineString","coordinates":[[-73.869952,40.845968],[-73.870597,40.844505],[-73.871028,40.84391],[-73.874329,40.841252],[-73.876841,40.840784],[-73.877474,40.840846],[-73.878512,40.841249],[-73.878966,40.841245],[-73.880049,40.840295],[-73.880498,40.840057],[-73.881759,40.839642],[-73.883573,40.839484],[-73.884441,40.839252],[-73.887544,40.837463],[-73.888068,40.83683],[-73.891704,40.830667],[-73.891875,40.829842],[-73.891922,40.825069],[-73.892182,40.824554],[-73.903268,40.818818],[-73.905518,40.817813],[-73.908375,40.816174],[-73.909111,40.815963],[-73.909808,40.815926],[-73.91403,40.816201],[-73.915469,40.81574],[-73.916277,40.815702],[-73.927782,40.818685],[-73.928318,40.818618],[-73.928391,40.818213],[-73.927816,40.817741],[-73.927758,40.817547],[-73.929244,40.813931],[-73.934662,40.808149],[-73.975427,40.7523],[-73.975817,40.752032],[-73.977843,40.751553],[-73.97826,40.751298],[-73.989845,40.735409],[-73.989969,40.734884],[-73.989863,40.733476],[-73.990488,40.730843],[-73.990727,40.730358],[-73.991669,40.729595],[-73.993622,40.727308],[-73.996631,40.723488],[-73.99722,40.722188],[-74.002905,40.715772],[-74.003263,40.714102],[-74.004131,40.713065],[-74.005023,40.712297],[-74.008372,40.711442],[-74.008748,40.711238],[-74.013759,40.705299],[-74.014565,40.703793],[-74.014615,40.70289],[-74.014111,40.702119],[-74.005764,40.695813],[-74.003274,40.694909],[-73.999213,40.693877],[-73.989328,40.692242],[-73.981065,40.688902],[-73.971046,40.675235],[-73.969806,40.673679],[-73.969259,40.673208],[-73.968631,40.672955],[-73.964375,40.671987],[-73.955823,40.670208],[-73.951542,40.669909],[-73.950684,40.669592],[-73.950559,40.669213],[-73.95098,40.664053],[-73.947642,40.632836]]}},{"type":"Feature","properties":{"route":"5"},"geometry":{"type":"LineString","coordinates":[[-73.884079,40.666235],[-73.918245,40.661198],[-73.918958,40.66145],[-73.924177,40.666124],[-73.925038,40.667735],[-73.925553,40.668271],[-73.925986,40.668473],[-73.955258,40.670118],[-73.968631,40.672955],[-73.969259,40.673208],[-73.969694,40.673552],[-73.971046,40.675235],[-73.981065,40.688902],[-73.989328,40.692242],[-73.999213,40.693877],[-74.003274,40.694909],[-74.005764,40.695813],[-74.014111,40.702119],[-74.014615,40.70289],[-74.014612,40.703634],[-74.013759,40.705299],[-74.008748,40.711238],[-74.008372,40.711442],[-74.005023,40.712297],[-74.004131,40.713065],[-74.003263,40.714102],[-74.002905,40.715772],[-73.99722,40.722188],[-73.996631,40.723488],[-73.993622,40.727308],[-73.991669,40.729595],[-73.990727,40.730358],[-73.990488,40.730843],[-73.989863,40.733476],[-73.989969,40.734884],[-73.989845,40.735409],[-73.97826,40.751298],[-73.977843,40.751553],[-73.975817,40.752032],[-73.975427,40.7523],[-73.934662,40.808149],[-73.929244,40.813931],[-73.927758,40.817547],[-73.927816,40.817741],[-73.928391,40.818213],[-73.928318,40.818618],[-73.927782,40.818685],[-73.916277,40.815702],[-73.915469,40.81574],[-73.913796,40.816213],[-73.910726,40.815949],[-73.909111,40.815963],[-73.908375,40.816174],[-73.905518,40.817813],[-73.903268,40.818818],[-73.892265,40.824494],[-73.891929,40.824983],[-73.891875,40.829842],[-73.891704,40.830667],[-73.887734,40.837288],[-73.887183,40.837713],[-73.884441,40.839252],[-73.883573,40.839484],[-73.881759,40.839642],[-73.880498,40.840057],[-73.880049,40.840295],[-73.878966,40.841245],[-73.878512,40.841249],[-73.877474,40.840846],[-73.876841,40.840784],[-73.87443,40.84121],[-73.871389,40.843567],[-73.870717,40.844293],[-73.869952,40.845968],[-73.868618,40.847777],[-73.857103,40.857109],[-73.856268,40.857915],[-73.832712,40.885577],[-73.830834,40.8883]]}},{"type":"Feature","properties":{"route":"5"},"geometry":{"type":"LineString","coordinates":[[-73.854376,40.898379],[-73.855124,40.897451],[-73.863846,40.881715],[-73.866928,40.876693],[-73.867846,40.85007],[-73.867986,40.849629],[-73.869431,40.847153],[-73.870857,40.844101],[-73.871389,40.843567],[-73.87443,40.84121],[-73.876841,40.840784],[-73.877474,40.840846],[-73.878512,40.841249],[-73.878966,40.841245],[-73.880049,40.840295],[-73.880498,40.840057],[-73.881759,40.839642],[-73.883573,40.839484],[-73.884441,40.839252],[-73.887544,40.837463],[-73.888068,40.83683],[-73.891704,40.830667],[-73.891875,40.829842],[-73.891922,40.825069],[-73.892182,40.824554],[-73.903268,40.818818],[-73.905518,40.817813],[-73.908375,40.816174],[-73.909111,40.815963],[-73.909808,40.815926],[-73.91403,40.816201],[-73.915469,40.81574],[-73.916277,40.815702],[-73.927782,40.818685],[-73.928318,40.818618],[-73.928391,40.818213],[-73.927816,40.817741],[-73.927758,40.817547],[-73.929244,40.813931],[-73.934662,40.808149],[-73.975427,40.7523],[-73.975817,40.752032],[-73.977843,40.751553],[-73.97826,40.751298],[-73.989845,40.735409],[-73.989969,40.734884],[-73.989863,40.733476],[-73.990488,40.730843],[-73.990727,40.730358],[-73.991669,40.729595],[-73.993622,40.727308],[-73.996631,40.723488],[-73.99722,40.722188],[-74.002905,40.715772],[-74.003263,40.714102],[-74.004131,40.713065],[-74.005023,40.712297],[-74.008372,40.711442],[-74.008748,40.711238],[-74.013759,40.705299],[-74.014565,40.703793],[-74.014615,40.70289],[-74.014111,40.702119],[-74.005764,40.695813],[-74.003274,40.694909],[-73.999213,40.693877],[-73.989328,40.692242],[-73.981065,40.688902],[-73.971046,40.675235],[-73.969806,40.673679],[-73.969259,40.673208],[-73.968631,40.672955],[-73.964375,40.671987],[-73.955823,40.670208],[-73.951542,40.669909],[-73.950684,40.669592],[-73.950559,40.669213],[-73.95098,40.664053],[-73.947642,40.632836]]}},{"type":"Feature","properties":{"route":"5"},"geometry":{"type":"LineString","coordinates":[[-73.830834,40.8883],[-73.832712,40.885577],[-73.856268,40.857915],[-73.857103,40.857109],[-73.868618,40.847777],[-73.869952,40.845968],[-73.870717,40.844293],[-73.871389,40.843567],[-73.87443,40.84121],[-73.876841,40.840784],[-73.877474,40.840846],[-73.878512,40.841249],[-73.878966,40.841245],[-73.880049,40.840295],[-73.880498,40.840057],[-73.881759,40.839642],[-73.883573,40.839484],[-73.884441,40.839252],[-73.887183,40.837713],[-73.887734,40.837288],[-73.891704,40.830667],[-73.891875,40.829842],[-73.891929,40.824983],[-73.892265,40.824494],[-73.903268,40.818818],[-73.905518,40.817813],[-73.908375,40.816174],[-73.909111,40.815963],[-73.910726,40.815949],[-73.913796,40.816213],[-73.915469,40.81574],[-73.916277,40.815702],[-73.927782,40.818685],[-73.928318,40.818618],[-73.928391,40.818213],[-73.927816,40.817741],[-73.927758,40.817547],[-73.929244,40.813931],[-73.934662,40.808149],[-73.975427,40.7523],[-73.975817,40.752032],[-73.977843,40.751553],[-73.97826,40.751298],[-73.989845,40.735409],[-73.989969,40.734884],[-73.989863,40.733476],[-73.990488,40.730843],[-73.990727,40.730358],[-73.991669,40.729595],[-73.993622,40.727308],[-73.996631,40.723488],[-73.99722,40.722188],[-74.002905,40.715772],[-74.003263,40.714102],[-74.004131,40.713065],[-74.005023,40.712297],[-74.008372,40.711442],[-74.008748,40.711238],[-74.013759,40.705299],[-74.014503,40.703957],[-74.014659,40.703325],[-74.014615,40.70289],[-74.014111,40.702119],[-74.005764,40.695813],[-74.003274,40.694909],[-73.999213,40.693877],[-73.989328,40.692242],[-73.981065,40.688902],[-73.971046,40.675235],[-73.969694,40.673552],[-73.968947,40.673056],[-73.964375,40.671987],[-73.955258,40.670118],[-73.932942,40.668897]]}},{"type":"Feature","properties":{"route":"5"},"geometry":{"type":"LineString","coordinates":[[-73.854376,40.898379],[-73.855124,40.897451],[-73.863846,40.881715],[-73.866928,40.876693],[-73.867846,40.85007],[-73.867986,40.849629],[-73.869431,40.847153],[-73.870857,40.844101],[-73.871389,40.843567],[-73.87443,40.84121],[-73.876841,40.840784],[-73.877474,40.840846],[-73.878512,40.841249],[-73.878966,40.841245],[-73.880049,40.840295],[-73.880498,40.840057],[-73.881759,40.839642],[-73.883573,40.839484],[-73.884441,40.839252],[-73.887544,40.837463],[-73.888068,40.83683],[-73.891704,40.830667],[-73.891875,40.829842],[-73.891922,40.825069],[-73.892182,40.824554],[-73.903268,40.818818],[-73.905518,40.817813],[-73.908375,40.816174],[-73.909111,40.815963],[-73.909808,40.815926],[-73.91403,40.816201],[-73.915469,40.81574],[-73.916277,40.815702],[-73.927782,40.818685],[-73.928318,40.818618],[-73.928391,40.818213],[-73.927816,40.817741],[-73.927758,40.817547],[-73.929244,40.813931],[-73.934662,40.808149],[-73.975427,40.7523],[-73.975817,40.752032],[-73.977843,40.751553],[-73.97826,40.751298],[-73.989845,40.735409],[-73.989969,40.734884],[-73.989863,40.733476],[-73.990488,40.730843],[-73.990727,40.730358],[-73.991669,40.729595],[-73.993622,40.727308],[-73.996631,40.723488],[-73.99722,40.722188],[-74.002905,40.715772],[-74.003263,40.714102],[-74.004131,40.713065],[-74.005023,40.712297],[-74.008372,40.711442],[-74.008748,40.711238],[-74.013759,40.705299],[-74.014565,40.703793],[-74.014615,40.70289],[-74.014111,40.702119],[-74.005764,40.695813],[-74.003274,40.694909],[-73.999213,40.693877],[-73.989328,40.692242],[-73.981065,40.688902],[-73.971046,40.675235],[-73.969694,40.673552],[-73.968947,40.673056],[-73.964375,40.671987],[-73.955258,40.670118],[-73.932942,40.668897]]}},{"type":"Feature","properties":{"route":"5"},"geometry":{"type":"LineString","coordinates":[[-73.947642,40.632836],[-73.95098,40.664053],[-73.950559,40.669213],[-73.950684,40.669592],[-73.951542,40.669909],[-73.955823,40.670208],[-73.964375,40.671987],[-73.968631,40.672955],[-73.969259,40.673208],[-73.969806,40.673679],[-73.971046,40.675235],[-73.981065,40.688902],[-73.989328,40.692242],[-73.999213,40.693877],[-74.003274,40.694909],[-74.005764,40.695813],[-74.014111,40.702119],[-74.014615,40.70289],[-74.014565,40.703793],[-74.013759,40.705299],[-74.008748,40.711238],[-74.008372,40.711442],[-74.005023,40.712297],[-74.004131,40.713065],[-74.003263,40.714102],[-74.002905,40.715772],[-73.99722,40.722188],[-73.996631,40.723488],[-73.993622,40.727308],[-73.991669,40.729595],[-73.990727,40.730358],[-73.990488,40.730843],[-73.989863,40.733476],[-73.989969,40.734884],[-73.989845,40.735409],[-73.97826,40.751298],[-73.977843,40.751553],[-73.975817,40.752032],[-73.975427,40.7523],[-73.934662,40.808149],[-73.929244,40.813931],[-73.927758,40.817547],[-73.927816,40.817741],[-73.928391,40.818213],[-73.928318,40.818618],[-73.927782,40.818685],[-73.916277,40.815702],[-73.915469,40.81574],[-73.91403,40.816201],[-73.909808,40.815926],[-73.909111,40.815963],[-73.908375,40.816174],[-73.905518,40.817813],[-73.903268,40.818818],[-73.892182,40.824554],[-73.891922,40.825069],[-73.891875,40.829842],[-73.891704,40.830667],[-73.888068,40.83683],[-73.887544,40.837463],[-73.884441,40.839252],[-73.883573,40.839484],[-73.881759,40.839642],[-73.880498,40.840057],[-73.880049,40.840295],[-73.878966,40.841245],[-73.878512,40.841249],[-73.87733,40.840817],[-73.876624,40.840801],[-73.874543,40.84117],[-73.873488,40.841894]]}},{"type":"Feature","properties":{"route":"5"},"geometry":{"type":"LineString","coordinates":[[-73.947642,40.632836],[-73.95098,40.664053],[-73.950559,40.669213],[-73.950684,40.669592],[-73.951542,40.669909],[-73.955823,40.670208],[-73.964375,40.671987],[-73.968631,40.672955],[-73.969259,40.673208],[-73.969806,40.673679],[-73.971046,40.675235],[-73.981065,40.688902],[-73.989328,40.692242],[-73.999213,40.693877],[-74.003274,40.694909],[-74.005764,40.695813],[-74.014111,40.702119],[-74.014615,40.70289],[-74.014565,40.703793],[-74.013759,40.705299],[-74.008748,40.711238],[-74.008372,40.711442],[-74.005023,40.712297],[-74.004131,40.713065],[-74.003263,40.714102],[-74.002905,40.715772],[-73.99722,40.722188],[-73.996631,40.723488],[-73.993622,40.727308],[-73.991669,40.729595],[-73.990727,40.730358],[-73.990488,40.730843],[-73.989863,40.733476],[-73.989969,40.734884],[-73.989845,40.735409],[-73.97826,40.751298],[-73.977843,40.751553],[-73.975817,40.752032],[-73.975427,40.7523],[-73.934662,40.808149],[-73.929244,40.813931],[-73.927758,40.817547],[-73.927816,40.817741],[-73.928391,40.818213],[-73.928318,40.818618],[-73.927782,40.818685],[-73.916277,40.815702],[-73.915469,40.81574],[-73.91403,40.816201],[-73.909808,40.815926],[-73.909111,40.815963],[-73.908375,40.816174],[-73.905518,40.817813],[-73.903268,40.818818],[-73.892182,40.824554],[-73.891922,40.825069],[-73.891875,40.829842],[-73.891704,40.830667],[-73.888068,40.83683],[-73.887544,40.837463],[-73.884441,40.839252],[-73.883573,40.839484],[-73.881759,40.839642],[-73.880498,40.840057],[-73.880049,40.840295],[-73.878966,40.841245],[-73.878512,40.841249],[-73.877474,40.840846],[-73.876841,40.840784],[-73.87443,40.84121],[-73.871389,40.843567],[-73.870857,40.844101],[-73.869431,40.847153],[-73.867986,40.849629],[-73.867846,40.85007],[-73.867016,40.87619],[-73.866859,40.876861],[-73.866256,40.87785]]}},{"type":"Feature","properties":{"route":"5"},"geometry":{"type":"LineString","coordinates":[[-73.932942,40.668897],[-73.955258,40.670118],[-73.964375,40.671987],[-73.968947,40.673056],[-73.969694,40.673552],[-73.971046,40.675235],[-73.981065,40.688902],[-73.989328,40.692242],[-73.999213,40.693877],[-74.003274,40.694909],[-74.005764,40.695813],[-74.014111,40.702119],[-74.014615,40.70289],[-74.014565,40.703793],[-74.013759,40.705299],[-74.008748,40.711238],[-74.008372,40.711442],[-74.005023,40.712297],[-74.004131,40.713065],[-74.003263,40.714102],[-74.002905,40.715772],[-73.99722,40.722188],[-73.996631,40.723488],[-73.993622,40.727308],[-73.991669,40.729595],[-73.990727,40.730358],[-73.990488,40.730843],[-73.989863,40.733476],[-73.989969,40.734884],[-73.989845,40.735409],[-73.97826,40.751298],[-73.977843,40.751553],[-73.975817,40.752032],[-73.975427,40.7523],[-73.934662,40.808149],[-73.929244,40.813931],[-73.927758,40.817547],[-73.927816,40.817741],[-73.928391,40.818213],[-73.928318,40.818618],[-73.927782,40.818685],[-73.916277,40.815702],[-73.915469,40.81574],[-73.91403,40.816201],[-73.909808,40.815926],[-73.909111,40.815963],[-73.908375,40.816174],[-73.905518,40.817813],[-73.903268,40.818818],[-73.892182,40.824554],[-73.891922,40.825069],[-73.891875,40.829842],[-73.891704,40.830667],[-73.888068,40.83683],[-73.887544,40.837463],[-73.884441,40.839252],[-73.883573,40.839484],[-73.881759,40.839642],[-73.880498,40.840057],[-73.880049,40.840295],[-73.878966,40.841245],[-73.878512,40.841249],[-73.877474,40.840846],[-73.876841,40.840784],[-73.874329,40.841252],[-73.871028,40.84391],[-73.870597,40.844505],[-73.869952,40.845968]]}},{"type":"Feature","properties":{"route":"5"},"geometry":{"type":"LineString","coordinates":[[-74.014065,40.704817],[-74.008725,40.711258],[-74.008372,40.711442],[-74.005023,40.712297],[-74.004131,40.713065],[-74.003263,40.714102],[-74.002905,40.715772],[-73.99722,40.722188],[-73.996631,40.723488],[-73.993622,40.727308],[-73.991669,40.729595],[-73.990727,40.730358],[-73.990488,40.730843],[-73.989863,40.733476],[-73.989969,40.734884],[-73.989845,40.735409],[-73.97826,40.751298],[-73.977843,40.751553],[-73.975817,40.752032],[-73.975427,40.7523],[-73.934662,40.808149],[-73.929244,40.813931],[-73.927758,40.817547],[-73.927816,40.817741],[-73.928391,40.818213],[-73.928318,40.818618],[-73.927782,40.818685],[-73.916277,40.815702],[-73.915469,40.81574],[-73.91403,40.816201],[-73.909808,40.815926],[-73.909111,40.815963],[-73.908375,40.816174],[-73.905518,40.817813],[-73.903268,40.818818],[-73.892182,40.824554],[-73.891922,40.825069],[-73.891875,40.829842],[-73.891704,40.830667],[-73.888068,40.83683],[-73.887544,40.837463],[-73.884441,40.839252],[-73.883573,40.839484],[-73.881759,40.839642],[-73.880498,40.840057],[-73.880049,40.840295],[-73.878966,40.841245],[-73.878512,40.841249],[-73.877474,40.840846],[-73.876841,40.840784],[-73.87443,40.84121],[-73.871389,40.843567],[-73.870857,40.844101],[-73.869431,40.847153],[-73.867986,40.849629],[-73.867846,40.85007],[-73.867016,40.87619],[-73.866859,40.876861],[-73.866256,40.87785]]}},{"type":"Feature","properties":{"route":"5"},"geometry":{"type":"LineString","coordinates":[[-73.869952,40.845968],[-73.870597,40.844505],[-73.871028,40.84391],[-73.874329,40.841252],[-73.876841,40.840784],[-73.877474,40.840846],[-73.878512,40.841249],[-73.878966,40.841245],[-73.880049,40.840295],[-73.880498,40.840057],[-73.881759,40.839642],[-73.883573,40.839484],[-73.884441,40.839252],[-73.887544,40.837463],[-73.888068,40.83683],[-73.891704,40.830667],[-73.891875,40.829842],[-73.891922,40.825069],[-73.892182,40.824554],[-73.903268,40.818818],[-73.905518,40.817813],[-73.908375,40.816174],[-73.909111,40.815963],[-73.909808,40.815926],[-73.91403,40.816201],[-73.915469,40.81574],[-73.916277,40.815702],[-73.927782,40.818685],[-73.928318,40.818618],[-73.928391,40.818213],[-73.927816,40.817741],[-73.927758,40.817547],[-73.929244,40.813931],[-73.934662,40.808149],[-73.975427,40.7523],[-73.975817,40.752032],[-73.977843,40.751553],[-73.97826,40.751298],[-73.989845,40.735409],[-73.989969,40.734884],[-73.989863,40.733476],[-73.990488,40.730843],[-73.990727,40.730358],[-73.991669,40.729595],[-73.993622,40.727308],[-73.996631,40.723488],[-73.99722,40.722188],[-74.002905,40.715772],[-74.003263,40.714102],[-74.004131,40.713065],[-74.005023,40.712297],[-74.008372,40.711442],[-74.008725,40.711258],[-74.014065,40.704817]]}},{"type":"Feature","properties":{"route":"5"},"geometry":{"type":"LineString","coordinates":[[-74.014065,40.704817],[-74.008725,40.711258],[-74.008372,40.711442],[-74.005023,40.712297],[-74.004131,40.713065],[-74.003263,40.714102],[-74.002905,40.715772],[-73.99722,40.722188],[-73.996631,40.723488],[-73.993622,40.727308],[-73.991669,40.729595],[-73.990727,40.730358],[-73.990488,40.730843],[-73.989863,40.733476],[-73.989969,40.734884],[-73.989845,40.735409],[-73.97826,40.751298],[-73.977843,40.751553],[-73.975817,40.752032],[-73.975427,40.7523],[-73.934662,40.808149],[-73.929244,40.813931],[-73.927758,40.817547],[-73.927816,40.817741],[-73.928391,40.818213],[-73.928318,40.818618],[-73.927782,40.818685],[-73.916277,40.815702],[-73.915469,40.81574],[-73.91403,40.816201],[-73.909808,40.815926],[-73.909111,40.815963],[-73.908375,40.816174],[-73.905518,40.817813],[-73.903268,40.818818],[-73.892182,40.824554],[-73.891922,40.825069],[-73.891875,40.829842],[-73.891704,40.830667],[-73.888068,40.83683],[-73.887544,40.837463],[-73.884441,40.839252],[-73.883573,40.839484],[-73.881759,40.839642],[-73.880498,40.840057],[-73.880049,40.840295],[-73.878966,40.841245],[-73.878512,40.841249],[-73.877474,40.840846],[-73.876841,40.840784],[-73.87443,40.84121],[-73.871389,40.843567],[-73.870857,40.844101],[-73.869431,40.847153],[-73.867986,40.849629],[-73.867846,40.85007],[-73.866928,40.876693],[-73.863846,40.881715],[-73.855124,40.897451],[-73.854376,40.898379]]}},{"type":"Feature","properties":{"route":"6"},"geometry":{"type":"LineString","coordinates":[[-73.828121,40.852462],[-73.829316,40.851905],[-73.829753,40.851504],[-73.830566,40.849133],[-73.831191,40.848056],[-73.831662,40.847525],[-73.837214,40.843176],[-73.842229,40.840497],[-73.849042,40.834818],[-73.849555,40.834507],[-73.86208,40.833086],[-73.877051,40.828806],[-73.884915,40.828199],[-73.885653,40.827972],[-73.885975,40.827682],[-73.88616,40.827281],[-73.886787,40.823685],[-73.887126,40.823025],[-73.887547,40.822555],[-73.889486,40.821284],[-73.891443,40.820707],[-73.891955,40.820445],[-73.899013,40.81364],[-73.904032,40.812148],[-73.90691,40.810301],[-73.907266,40.809831],[-73.908244,40.807011],[-73.908493,40.806618],[-73.912165,40.804858],[-73.912932,40.804902],[-73.926578,40.810659],[-73.929045,40.812339],[-73.929972,40.812475],[-73.930931,40.812093],[-73.934662,40.808149],[-73.975427,40.7523],[-73.975869,40.752014],[-73.977884,40.75154],[-73.978287,40.751266],[-73.989845,40.735409],[-73.989969,40.734884],[-73.989863,40.733476],[-73.990682,40.730419],[-73.991669,40.729595],[-73.993622,40.727308],[-73.996631,40.723488],[-73.99722,40.722188],[-74.002905,40.715772],[-74.003263,40.714102],[-74.004131,40.713065]]}},{"type":"Feature","properties":{"route":"6"},"geometry":{"type":"LineString","coordinates":[[-73.860816,40.833226],[-73.862382,40.833019],[-73.877051,40.828806],[-73.884915,40.828199],[-73.885653,40.827972],[-73.885975,40.827682],[-73.88616,40.827281],[-73.886787,40.823685],[-73.887126,40.823025],[-73.887547,40.822555],[-73.889486,40.821284],[-73.891443,40.820707],[-73.891955,40.820445],[-73.899013,40.81364],[-73.904032,40.812148],[-73.90691,40.810301],[-73.907266,40.809831],[-73.908244,40.807011],[-73.908493,40.806618],[-73.912214,40.804841],[-73.912932,40.804902],[-73.926578,40.810659],[-73.929045,40.812339],[-73.929972,40.812475],[-73.930931,40.812093],[-73.934662,40.808149],[-73.975427,40.7523],[-73.975869,40.752014],[-73.977884,40.75154],[-73.978287,40.751266],[-73.989845,40.735409],[-73.989969,40.734884],[-73.989863,40.733476],[-73.990682,40.730419],[-73.991669,40.729595],[-73.993622,40.727308],[-73.996631,40.723488],[-73.99722,40.722188],[-74.002905,40.715772],[-74.003263,40.714102],[-74.004131,40.713065]]}},{"type":"Feature","properties":{"route":"6"},"geometry":{"type":"LineString","coordinates":[[-74.004131,40.713065],[-74.003263,40.714102],[-74.002905,40.715772],[-73.99722,40.722188],[-73.996631,40.723488],[-73.993622,40.727308],[-73.991669,40.729595],[-73.990682,40.730419],[-73.989863,40.733476],[-73.989969,40.734884],[-73.989845,40.735409],[-73.978287,40.751266],[-73.977884,40.75154],[-73.975869,40.752014],[-73.975427,40.7523],[-73.934433,40.808429],[-73.930931,40.812093],[-73.930284,40.812408],[-73.929661,40.812486],[-73.928739,40.812181],[-73.926677,40.810704],[-73.91924,40.807566]]}},{"type":"Feature","properties":{"route":"S"},"geometry":{"type":"LineString","coordinates":[[-73.979189,40.752769],[-73.985728,40.755522],[-73.986229,40.755983]]}},{"type":"Feature","properties":{"route":"A"},"geometry":{"type":"LineString","coordinates":[[-73.919899,40.868072],[-73.927016,40.865599],[-73.930354,40.863788],[-73.930852,40.863314],[-73.936628,40.855701],[-73.937969,40.851695],[-73.94009,40.846369],[-73.939982,40.845773],[-73.939125,40.844957],[-73.938885,40.84434],[-73.939338,40.841625],[-73.939871,40.839366],[-73.940057,40.837221],[-73.939841,40.835014],[-73.943229,40.826202],[-73.944926,40.823739],[-73.949046,40.81493],[-73.950266,40.813257],[-73.952019,40.8115],[-73.952898,40.810332],[-73.953033,40.809815],[-73.952942,40.808042],[-73.95319,40.807392],[-74.002463,40.739821],[-74.00259,40.739434],[-74.002514,40.738964],[-73.99975,40.734314],[-73.999652,40.733596],[-74.001419,40.731054],[-74.002529,40.729019],[-74.005189,40.722659],[-74.005304,40.721953],[-74.005166,40.718949],[-74.005329,40.71831],[-74.010001,40.712312],[-74.010175,40.711963],[-74.010112,40.711571],[-74.009737,40.711226],[-74.005187,40.70883],[-74.000749,40.703221],[-73.999749,40.702291],[-73.998841,40.701679],[-73.996623,40.700676],[-73.992732,40.699572],[-73.991654,40.699391],[-73.988758,40.699244],[-73.988074,40.699047],[-73.987562,40.698713],[-73.987221,40.69824],[-73.987036,40.697395],[-73.987387,40.691539],[-73.987932,40.6901],[-73.987809,40.689761],[-73.987376,40.689409],[-73.983678,40.687975],[-73.980236,40.686823],[-73.979245,40.686718],[-73.976828,40.686971],[-73.975986,40.686888],[-73.967769,40.683675],[-73.953447,40.680669],[-73.909946,40.678231],[-73.903165,40.67839],[-73.899135,40.678017],[-73.897979,40.677657],[-73.897365,40.677156],[-73.897088,40.676653],[-73.896032,40.672891],[-73.89536,40.672302],[-73.894572,40.672138],[-73.866636,40.676166],[-73.86585,40.676487],[-73.862592,40.678653],[-73.860582,40.679263],[-73.845197,40.680234],[-73.841537,40.680861],[-73.840661,40.680768],[-73.840071,40.680272],[-73.838867,40.678199],[-73.828694,40.656988],[-73.816065,40.608803],[-73.809322,40.592881],[-73.808935,40.592216],[-73.808409,40.59166],[-73.807746,40.591213],[-73.806647,40.590788],[-73.804406,40.590275],[-73.803118,40.590182],[-73.795199,40.591149],[-73.790144,40.592305],[-73.788434,40.592373],[-73.785156,40.592158],[-73.783668,40.592179],[-73.772082,40.593392],[-73.77054,40.593974],[-73.762838,40.598607],[-73.762206,40.599097],[-73.760888,40.60057],[-73.759859,40.601447],[-73.755405,40.603995]]}},{"type":"Feature","properties":{"route":"A"},"geometry":{"type":"LineString","coordinates":[[-73.825798,40.685951],[-73.829196,40.68549],[-73.833731,40.683701],[-73.837124,40.681931],[-73.838722,40.681422],[-73.844906,40.680259],[-73.860673,40.679248],[-73.862592,40.678653],[-73.86585,40.676487],[-73.86657,40.676181],[-73.88075,40.67413]]}},{"type":"Feature","properties":{"route":"A"},"geometry":{"type":"LineString","coordinates":[[-73.755405,40.603995],[-73.759859,40.601447],[-73.760888,40.60057],[-73.762206,40.599097],[-73.762838,40.598607],[-73.77054,40.593974],[-73.772082,40.593392],[-73.783668,40.592179],[-73.785156,40.592158],[-73.788434,40.592373],[-73.790144,40.592305],[-73.795199,40.591149],[-73.803118,40.590182],[-73.804406,40.590275],[-73.806647,40.590788],[-73.807746,40.591213],[-73.808409,40.59166],[-73.808935,40.592216],[-73.809322,40.592881],[-73.816065,40.608803],[-73.828694,40.656988],[-73.838867,40.678199],[-73.840071,40.680272],[-73.840661,40.680768],[-73.841537,40.680861],[-73.845197,40.680234],[-73.860582,40.679263],[-73.862592,40.678653],[-73.86585,40.676487],[-73.866636,40.676166],[-73.894572,40.672138],[-73.89536,40.672302],[-73.896032,40.672891],[-73.897088,40.676653],[-73.897365,40.677156],[-73.897979,40.677657],[-73.899135,40.678017],[-73.903165,40.67839],[-73.909946,40.678231],[-73.953447,40.680669],[-73.967769,40.683675],[-73.975986,40.686888],[-73.976828,40.686971],[-73.979245,40.686718],[-73.980236,40.686823],[-73.983678,40.687975],[-73.987376,40.689409],[-73.987809,40.689761],[-73.987932,40.6901],[-73.987387,40.691539],[-73.987036,40.697395],[-73.987221,40.69824],[-73.987562,40.698713],[-73.988074,40.699047],[-73.988758,40.699244],[-73.991654,40.699391],[-73.992732,40.699572],[-73.996623,40.700676],[-73.998841,40.701679],[-73.999749,40.702291],[-74.000749,40.703221],[-74.005187,40.70883],[-74.009737,40.711226],[-74.010112,40.711571],[-74.010175,40.711963],[-74.010001,40.712312],[-74.005329,40.71831],[-74.005166,40.718949],[-74.005304,40.721953],[-74.005189,40.722659],[-74.002529,40.729019],[-74.001419,40.731054],[-73.999652,40.733596],[-73.99975,40.734314],[-74.002514,40.738964],[-74.00259,40.739434],[-74.002463,40.739821],[-73.95319,40.807392],[-73.952942,40.808042],[-73.953033,40.809815],[-73.952898,40.810332],[-73.952019,40.8115],[-73.950266,40.813257],[-73.949046,40.81493],[-73.944926,40.823739],[-73.943229,40.826202],[-73.939841,40.835014],[-73.940057,40.837221],[-73.939871,40.839366],[-73.939338,40.841625],[-73.938885,40.84434],[-73.939125,40.844957],[-73.939982,40.845773],[-73.94009,40.846369],[-73.937969,40.851695],[-73.936628,40.855701],[-73.930852,40.863314],[-73.930354,40.863788],[-73.927016,40.865599],[-73.919899,40.868072]]}},{"type":"Feature","properties":{"route":"A"},"geometry":{"type":"LineString","coordinates":[[-73.825798,40.685951],[-73.829196,40.68549],[-73.833731,40.683701],[-73.837124,40.681931],[-73.838801,40.681406],[-73.844906,40.680259],[-73.860673,40.679248],[-73.862592,40.678653],[-73.86585,40.676487],[-73.866636,40.676166],[-73.89383,40.672196],[-73.89479,40.672154],[-73.895671,40.672487],[-73.896124,40.673061],[-73.897088,40.676653],[-73.897365,40.677156],[-73.897979,40.677657],[-73.899135,40.678017],[-73.903165,40.67839],[-73.909823,40.678225],[-73.952921,40.680591],[-73.967769,40.683675],[-73.975986,40.686888],[-73.976828,40.686971],[-73.97948,40.68672],[-73.981149,40.687086],[-73.987376,40.689409],[-73.987858,40.689841],[-73.987892,40.690387],[-73.987387,40.691539],[-73.987036,40.697395],[-73.987221,40.69824],[-73.987562,40.698713],[-73.988074,40.699047],[-73.988758,40.699244],[-73.991654,40.699391],[-73.992732,40.699572],[-73.996623,40.700676],[-73.998841,40.701679],[-73.999749,40.702291],[-74.000749,40.703221],[-74.005187,40.70883],[-74.009737,40.711226],[-74.010112,40.711571],[-74.010175,40.711963],[-74.010001,40.712312],[-74.005329,40.71831],[-74.005166,40.718949],[-74.005304,40.721953],[-74.005189,40.722659],[-74.002529,40.729019],[-74.001419,40.731054],[-73.999652,40.733596],[-73.99975,40.734314],[-74.002514,40.738964],[-74.00259,40.739434],[-74.002463,40.739821],[-73.95319,40.807392],[-73.952942,40.808042],[-73.953033,40.809815],[-73.952898,40.810332],[-73.952019,40.8115],[-73.950266,40.813257],[-73.949046,40.81493],[-73.944926,40.823739],[-73.943229,40.826202],[-73.939841,40.835014],[-73.940057,40.837221],[-73.939871,40.839366],[-73.939338,40.841625],[-73.938885,40.84434],[-73.939125,40.844957],[-73.939982,40.845773],[-73.94009,40.846369],[-73.937969,40.851695],[-73.936628,40.855701],[-73.930852,40.863314],[-73.930354,40.863788],[-73.927016,40.865599],[-73.919899,40.868072]]}},{"type":"Feature","properties":{"route":"A"},"geometry":{"type":"LineString","coordinates":[[-73.919899,40.868072],[-73.927016,40.865599],[-73.930354,40.863788],[-73.930852,40.863314],[-73.936628,40.855701],[-73.937969,40.851695],[-73.94009,40.846369],[-73.939982,40.845773],[-73.939125,40.844957],[-73.938885,40.84434],[-73.939338,40.841625],[-73.939871,40.839366],[-73.940057,40.837221],[-73.939841,40.835014],[-73.943229,40.826202],[-73.944926,40.823739],[-73.949046,40.81493],[-73.950266,40.813257],[-73.952019,40.8115],[-73.952898,40.810332],[-73.953033,40.809815],[-73.952942,40.808042],[-73.95319,40.807392],[-74.002463,40.739821],[-74.00259,40.739434],[-74.002514,40.738964],[-73.99975,40.734314],[-73.999652,40.733596],[-74.001419,40.731054],[-74.002529,40.729019],[-74.005189,40.722659],[-74.005304,40.721953],[-74.005166,40.718949],[-74.005329,40.71831],[-74.010001,40.712312],[-74.010175,40.711963],[-74.010112,40.711571],[-74.009737,40.711226],[-74.005187,40.70883],[-74.000749,40.703221],[-73.999749,40.702291],[-73.998841,40.701679],[-73.996623,40.700676],[-73.992732,40.699572],[-73.991654,40.699391],[-73.988758,40.699244],[-73.988074,40.699047],[-73.987562,40.698713],[-73.987221,40.69824],[-73.987036,40.697395],[-73.987387,40.691539],[-73.987892,40.690387],[-73.987858,40.689841],[-73.987376,40.689409],[-73.981149,40.687086],[-73.97948,40.68672],[-73.976828,40.686971],[-73.975986,40.686888],[-73.967769,40.683675],[-73.952921,40.680591],[-73.909823,40.678225],[-73.903165,40.67839],[-73.899135,40.678017],[-73.897979,40.677657],[-73.897365,40.677156],[-73.897088,40.676653],[-73.896124,40.673061],[-73.895671,40.672487],[-73.89479,40.672154],[-73.89383,40.672196],[-73.866636,40.676166],[-73.86585,40.676487],[-73.862592,40.678653],[-73.860673,40.679248],[-73.844906,40.680259],[-73.838801,40.681406],[-73.837124,40.681931],[-73.833731,40.683701],[-73.829196,40.68549],[-73.825798,40.685951]]}},{"type":"Feature","properties":{"route":"A"},"geometry":{"type":"LineString","coordinates":[[-73.835592,40.580903],[-73.821873,40.584825],[-73.812007,40.588685],[-73.81091,40.589309],[-73.810006,40.590184],[-73.809464,40.591079],[-73.809239,40.592211],[-73.809421,40.593127],[-73.816119,40.608977],[-73.828652,40.65687],[-73.838819,40.678102],[-73.840071,40.680272],[-73.840373,40.680605],[-73.840882,40.680836],[-73.841395,40.680873],[-73.844978,40.680252],[-73.860582,40.679263],[-73.862592,40.678653],[-73.86585,40.676487],[-73.866636,40.676166],[-73.894572,40.672138],[-73.89536,40.672302],[-73.896032,40.672891],[-73.897088,40.676653],[-73.897365,40.677156],[-73.897979,40.677657],[-73.899135,40.678017],[-73.903165,40.67839],[-73.909946,40.678231],[-73.953447,40.680669],[-73.967769,40.683675],[-73.975986,40.686888],[-73.976828,40.686971],[-73.979245,40.686718],[-73.980236,40.686823],[-73.983678,40.687975],[-73.987376,40.689409],[-73.987809,40.689761],[-73.987932,40.6901],[-73.987387,40.691539],[-73.987036,40.697395],[-73.987221,40.69824],[-73.987562,40.698713],[-73.988074,40.699047],[-73.988758,40.699244],[-73.991654,40.699391],[-73.992732,40.699572],[-73.996623,40.700676],[-73.998841,40.701679],[-73.999749,40.702291],[-74.000749,40.703221],[-74.005187,40.70883],[-74.009737,40.711226],[-74.010174,40.711722],[-74.010001,40.712312],[-74.005329,40.71831],[-74.005166,40.718949],[-74.005304,40.721953],[-74.005189,40.722659],[-74.002529,40.729019],[-74.001419,40.731054],[-73.999652,40.733596],[-73.99975,40.734314],[-74.002514,40.738964],[-74.00259,40.739434],[-74.002463,40.739821],[-73.95319,40.807392],[-73.952942,40.808042],[-73.953033,40.809815],[-73.952898,40.810332],[-73.952019,40.8115],[-73.950266,40.813257],[-73.949046,40.81493],[-73.944926,40.823739],[-73.943229,40.826202],[-73.939841,40.835014],[-73.940057,40.837221],[-73.939871,40.839366],[-73.939338,40.841625],[-73.938885,40.84434],[-73.939125,40.844957],[-73.939982,40.845773],[-73.94009,40.846369],[-73.937969,40.851695],[-73.936628,40.855701],[-73.930852,40.863314],[-73.930354,40.863788],[-73.927016,40.865599],[-73.919899,40.868072]]}},{"type":"Feature","properties":{"route":"A"},"geometry":{"type":"LineString","coordinates":[[-73.88075,40.67413],[-73.86657,40.676181],[-73.86585,40.676487],[-73.862592,40.678653],[-73.860582,40.679263],[-73.844978,40.680252],[-73.841395,40.680873],[-73.840661,40.680768],[-73.84021,40.680455],[-73.838819,40.678102],[-73.828694,40.656988],[-73.816038,40.608717],[-73.809322,40.592881],[-73.808775,40.592018],[-73.807746,40.591213],[-73.806647,40.590788],[-73.804719,40.590333],[-73.802987,40.590189],[-73.795199,40.591149],[-73.790144,40.592305],[-73.788434,40.592373],[-73.785156,40.592158],[-73.783668,40.592179],[-73.771913,40.593432],[-73.77054,40.593974],[-73.762838,40.598607],[-73.762206,40.599097],[-73.760888,40.60057],[-73.759859,40.601447],[-73.755405,40.603995]]}},{"type":"Feature","properties":{"route":"A"},"geometry":{"type":"LineString","coordinates":[[-73.755405,40.603995],[-73.759859,40.601447],[-73.760888,40.60057],[-73.762206,40.599097],[-73.762838,40.598607],[-73.77054,40.593974],[-73.772082,40.593392],[-73.783668,40.592179],[-73.785156,40.592158],[-73.788434,40.592373],[-73.790144,40.592305],[-73.795199,40.591149],[-73.803118,40.590182],[-73.804406,40.590275],[-73.806647,40.590788],[-73.807746,40.591213],[-73.808409,40.59166],[-73.808935,40.592216],[-73.809322,40.592881],[-73.816065,40.608803],[-73.828694,40.656988],[-73.838867,40.678199],[-73.840071,40.680272],[-73.840661,40.680768],[-73.841537,40.680861],[-73.845197,40.680234],[-73.860582,40.679263],[-73.862592,40.678653],[-73.86585,40.676487],[-73.866636,40.676166],[-73.894572,40.672138],[-73.89536,40.672302],[-73.896032,40.672891],[-73.897088,40.676653],[-73.897365,40.677156],[-73.897979,40.677657],[-73.899135,40.678017],[-73.903165,40.67839],[-73.909946,40.678231],[-73.953447,40.680669],[-73.967769,40.683675],[-73.975986,40.686888],[-73.976828,40.686971],[-73.979245,40.686718],[-73.980236,40.686823],[-73.983678,40.687975],[-73.987376,40.689409],[-73.987809,40.689761],[-73.987932,40.6901],[-73.987387,40.691539],[-73.987036,40.697395],[-73.987221,40.69824],[-73.987562,40.698713],[-73.988074,40.699047],[-73.988758,40.699244],[-73.991654,40.699391],[-73.992732,40.699572],[-73.996623,40.700676],[-73.998841,40.701679],[-73.999749,40.702291],[-74.000749,40.703221],[-74.005187,40.70883],[-74.009737,40.711226],[-74.010112,40.711571],[-74.010175,40.711963],[-74.010001,40.712312],[-74.005329,40.71831],[-74.005166,40.718949],[-74.005304,40.721953],[-74.005189,40.722659],[-74.002529,40.729019],[-74.001419,40.731054],[-73.999652,40.733596],[-73.99975,40.734314],[-74.002514,40.738964],[-74.00259,40.739434],[-74.002463,40.739821],[-73.953148,40.807455],[-73.952942,40.808042],[-73.953034,40.809757],[-73.952922,40.810285],[-73.952019,40.8115],[-73.950266,40.813257],[-73.948977,40.815049],[-73.944926,40.823739],[-73.943229,40.826202],[-73.93988,40.834883],[-73.939811,40.835433],[-73.940057,40.837254],[-73.939871,40.839366],[-73.939338,40.841625],[-73.938885,40.84434],[-73.939125,40.844957],[-73.939982,40.845773],[-73.94009,40.846369],[-73.937969,40.851695],[-73.93676,40.855444],[-73.93418,40.859022],[-73.930694,40.863494],[-73.930123,40.863946],[-73.927271,40.865491]]}},{"type":"Feature","properties":{"route":"A"},"geometry":{"type":"LineString","coordinates":[[-73.755405,40.603995],[-73.759859,40.601447],[-73.760888,40.60057],[-73.762206,40.599097],[-73.762838,40.598607],[-73.77054,40.593974],[-73.772082,40.593392],[-73.783668,40.592179],[-73.785156,40.592158],[-73.788434,40.592373],[-73.790144,40.592305],[-73.795199,40.591149],[-73.803118,40.590182],[-73.804406,40.590275],[-73.806647,40.590788],[-73.807746,40.591213],[-73.808409,40.59166],[-73.808935,40.592216],[-73.809322,40.592881],[-73.816065,40.608803],[-73.828694,40.656988],[-73.838867,40.678199],[-73.840071,40.680272],[-73.840661,40.680768],[-73.841537,40.680861],[-73.845197,40.680234],[-73.860582,40.679263],[-73.862592,40.678653],[-73.86585,40.676487],[-73.866636,40.676166],[-73.894572,40.672138],[-73.89536,40.672302],[-73.896032,40.672891],[-73.897088,40.676653],[-73.897365,40.677156],[-73.897979,40.677657],[-73.899135,40.678017],[-73.903165,40.67839],[-73.909946,40.678231],[-73.953447,40.680669],[-73.967769,40.683675],[-73.975986,40.686888],[-73.976828,40.686971],[-73.979245,40.686718],[-73.980236,40.686823],[-73.983678,40.687975],[-73.987376,40.689409],[-73.987809,40.689761],[-73.987932,40.6901],[-73.987387,40.691539],[-73.987036,40.697395],[-73.987221,40.69824],[-73.987562,40.698713],[-73.988074,40.699047],[-73.988758,40.699244],[-73.991654,40.699391],[-73.992732,40.699572],[-73.996623,40.700676],[-73.998841,40.701679],[-73.999749,40.702291],[-74.000749,40.703221],[-74.005187,40.70883],[-74.009737,40.711226],[-74.010062,40.711498],[-74.010187,40.711881],[-74.010001,40.712312],[-74.005329,40.71831],[-74.005166,40.718949],[-74.005304,40.721953],[-74.005189,40.722659],[-74.002529,40.729019],[-74.001419,40.731054],[-73.999652,40.733596],[-73.99975,40.734314],[-74.002514,40.738964],[-74.00259,40.739434],[-74.002463,40.739821],[-73.953148,40.807455],[-73.952942,40.808042],[-73.953033,40.809815],[-73.952898,40.810332],[-73.952019,40.8115],[-73.950266,40.813257],[-73.949046,40.81493],[-73.944926,40.823739],[-73.943159,40.826362],[-73.939841,40.835014],[-73.940055,40.837321],[-73.939843,40.839593],[-73.939561,40.840719]]}},{"type":"Feature","properties":{"route":"A"},"geometry":{"type":"LineString","coordinates":[[-73.835592,40.580903],[-73.821873,40.584825],[-73.812007,40.588685],[-73.81091,40.589309],[-73.810006,40.590184],[-73.809464,40.591079],[-73.809239,40.592211],[-73.809421,40.593127],[-73.816119,40.608977],[-73.828652,40.65687],[-73.838819,40.678102],[-73.840071,40.680272],[-73.840373,40.680605],[-73.840882,40.680836],[-73.841395,40.680873],[-73.844978,40.680252],[-73.860582,40.679263],[-73.862592,40.678653],[-73.86585,40.676487],[-73.866636,40.676166],[-73.894572,40.672138],[-73.89536,40.672302],[-73.896032,40.672891],[-73.897088,40.676653],[-73.897365,40.677156],[-73.897979,40.677657],[-73.899135,40.678017],[-73.903165,40.67839],[-73.909946,40.678231],[-73.953447,40.680669],[-73.967769,40.683675],[-73.975986,40.686888],[-73.976828,40.686971],[-73.979245,40.686718],[-73.980236,40.686823],[-73.983678,40.687975],[-73.987376,40.689409],[-73.987809,40.689761],[-73.987932,40.6901],[-73.987387,40.691539],[-73.987036,40.697395],[-73.987221,40.69824],[-73.987562,40.698713],[-73.988074,40.699047],[-73.988758,40.699244],[-73.991654,40.699391],[-73.992732,40.699572],[-73.996623,40.700676],[-73.998841,40.701679],[-73.999749,40.702291],[-74.000749,40.703221],[-74.005187,40.70883],[-74.009737,40.711226],[-74.010174,40.711722],[-74.010001,40.712312],[-74.005329,40.71831],[-74.005166,40.718949],[-74.005304,40.721953],[-74.005189,40.722659],[-74.002529,40.729019],[-74.001419,40.731054],[-73.999652,40.733596],[-73.99975,40.734314],[-74.002514,40.738964],[-74.00259,40.739434],[-74.002463,40.739821],[-73.953148,40.807455],[-73.952942,40.808042],[-73.953034,40.809757],[-73.952922,40.810285],[-73.952019,40.8115],[-73.950266,40.813257],[-73.948977,40.815049],[-73.944926,40.823739],[-73.943229,40.826202],[-73.93988,40.834883],[-73.939811,40.835433],[-73.940057,40.837254],[-73.939871,40.839366],[-73.939338,40.841625],[-73.938885,40.84434],[-73.939125,40.844957],[-73.939982,40.845773],[-73.94009,40.846369],[-73.937969,40.851695],[-73.93676,40.855444],[-73.93418,40.859022],[-73.930694,40.863494],[-73.930123,40.863946],[-73.927271,40.865491]]}},{"type":"Feature","properties":{"route":"A"},"geometry":{"type":"LineString","coordinates":[[-73.919899,40.868072],[-73.927016,40.865599],[-73.930354,40.863788],[-73.930852,40.863314],[-73.936628,40.855701],[-73.937969,40.851695],[-73.94009,40.846369],[-73.939982,40.845773],[-73.939125,40.844957],[-73.938885,40.84434],[-73.939338,40.841625],[-73.939871,40.839366],[-73.940057,40.837221],[-73.939841,40.835014],[-73.943229,40.826202],[-73.944926,40.823739],[-73.949046,40.81493],[-73.950266,40.813257],[-73.952019,40.8115],[-73.952898,40.810332],[-73.953033,40.809815],[-73.952942,40.808042],[-73.95319,40.807392],[-74.002463,40.739821],[-74.00259,40.739434],[-74.002514,40.738964],[-73.99975,40.734314],[-73.999652,40.733596],[-74.001419,40.731054],[-74.002529,40.729019],[-74.005189,40.722659],[-74.005304,40.721953],[-74.005166,40.718949],[-74.005329,40.71831],[-74.010001,40.712312],[-74.010174,40.711722],[-74.009737,40.711226],[-74.005187,40.70883],[-74.000749,40.703221],[-73.999749,40.702291],[-73.998841,40.701679],[-73.996623,40.700676],[-73.992732,40.699572],[-73.991654,40.699391],[-73.988758,40.699244],[-73.987713,40.69884],[-73.987221,40.69824],[-73.987036,40.697395],[-73.987387,40.691539],[-73.987918,40.690288],[-73.987809,40.689761],[-73.987376,40.689409],[-73.98405,40.688112],[-73.980236,40.686823],[-73.979245,40.686718],[-73.976828,40.686971],[-73.975986,40.686888],[-73.967769,40.683675],[-73.952821,40.68058],[-73.909823,40.678225],[-73.903165,40.67839],[-73.899135,40.678017],[-73.897979,40.677657],[-73.897365,40.677156],[-73.897088,40.676653],[-73.896124,40.673061],[-73.895671,40.672487],[-73.89479,40.672154],[-73.89383,40.672196],[-73.872106,40.675377]]}},{"type":"Feature","properties":{"route":"A"},"geometry":{"type":"LineString","coordinates":[[-73.939561,40.840719],[-73.939843,40.839593],[-73.940055,40.837321],[-73.939841,40.835014],[-73.943159,40.826362],[-73.944926,40.823739],[-73.949046,40.81493],[-73.950266,40.813257],[-73.952019,40.8115],[-73.952898,40.810332],[-73.953033,40.809815],[-73.952942,40.808042],[-73.953148,40.807455],[-74.002463,40.739821],[-74.00259,40.739434],[-74.002514,40.738964],[-73.99975,40.734314],[-73.999652,40.733596],[-74.001419,40.731054],[-74.002529,40.729019],[-74.005189,40.722659],[-74.005304,40.721953],[-74.005166,40.718949],[-74.005329,40.71831],[-74.010001,40.712312],[-74.010175,40.711963],[-74.010149,40.711645],[-74.009737,40.711226],[-74.005187,40.70883],[-74.000749,40.703221],[-73.999749,40.702291],[-73.998841,40.701679],[-73.996623,40.700676],[-73.992732,40.699572],[-73.991654,40.699391],[-73.988758,40.699244],[-73.988074,40.699047],[-73.987562,40.698713],[-73.987221,40.69824],[-73.987036,40.697395],[-73.987387,40.691539],[-73.987932,40.6901],[-73.987809,40.689761],[-73.987376,40.689409],[-73.983678,40.687975],[-73.980236,40.686823],[-73.979245,40.686718],[-73.976828,40.686971],[-73.975986,40.686888],[-73.967769,40.683675],[-73.953447,40.680669],[-73.909946,40.678231],[-73.903165,40.67839],[-73.899135,40.678017],[-73.897979,40.677657],[-73.897365,40.677156],[-73.897088,40.676653],[-73.896032,40.672891],[-73.89536,40.672302],[-73.894572,40.672138],[-73.866636,40.676166],[-73.86585,40.676487],[-73.862592,40.678653],[-73.860582,40.679263],[-73.844978,40.680252],[-73.841395,40.680873],[-73.840882,40.680836],[-73.840373,40.680605],[-73.840071,40.680272],[-73.838819,40.678102],[-73.828652,40.65687],[-73.816119,40.608977],[-73.809421,40.593127],[-73.809239,40.592211],[-73.809464,40.591079],[-73.810006,40.590184],[-73.81091,40.589309],[-73.812007,40.588685],[-73.821873,40.584825],[-73.835592,40.580903]]}},{"type":"Feature","properties":{"route":"A"},"geometry":{"type":"LineString","coordinates":[[-73.927271,40.865491],[-73.930123,40.863946],[-73.930694,40.863494],[-73.93418,40.859022],[-73.93676,40.855444],[-73.937969,40.851695],[-73.94009,40.846369],[-73.939982,40.845773],[-73.939125,40.844957],[-73.938885,40.84434],[-73.939338,40.841625],[-73.939871,40.839366],[-73.940057,40.837254],[-73.939811,40.835433],[-73.93988,40.834883],[-73.943229,40.826202],[-73.944926,40.823739],[-73.948977,40.815049],[-73.950266,40.813257],[-73.952019,40.8115],[-73.952922,40.810285],[-73.953034,40.809757],[-73.952942,40.808042],[-73.953148,40.807455],[-74.002463,40.739821],[-74.00259,40.739434],[-74.002514,40.738964],[-73.99975,40.734314],[-73.999652,40.733596],[-74.001419,40.731054],[-74.002529,40.729019],[-74.005189,40.722659],[-74.005304,40.721953],[-74.005166,40.718949],[-74.005329,40.71831],[-74.010001,40.712312],[-74.010175,40.711963],[-74.010112,40.711571],[-74.009737,40.711226],[-74.005187,40.70883],[-74.000749,40.703221],[-73.999749,40.702291],[-73.998841,40.701679],[-73.996623,40.700676],[-73.992732,40.699572],[-73.991654,40.699391],[-73.988758,40.699244],[-73.988074,40.699047],[-73.987562,40.698713],[-73.987221,40.69824],[-73.987036,40.697395],[-73.987387,40.691539],[-73.987892,40.690387],[-73.987858,40.689841],[-73.987376,40.689409],[-73.981149,40.687086],[-73.97948,40.68672],[-73.976828,40.686971],[-73.975986,40.686888],[-73.967769,40.683675],[-73.952921,40.680591],[-73.909823,40.678225],[-73.903165,40.67839],[-73.899135,40.678017],[-73.897979,40.677657],[-73.897365,40.677156],[-73.897088,40.676653],[-73.896124,40.673061],[-73.895671,40.672487],[-73.89479,40.672154],[-73.89383,40.672196],[-73.866636,40.676166],[-73.86585,40.676487],[-73.862592,40.678653],[-73.860673,40.679248],[-73.844906,40.680259],[-73.838801,40.681406],[-73.837124,40.681931],[-73.833731,40.683701],[-73.829196,40.68549],[-73.825798,40.685951]]}},{"type":"Feature","properties":{"route":"B"},"geometry":{"type":"LineString","coordinates":[[-73.887138,40.873244],[-73.888619,40.871475],[-73.890765,40.870106],[-73.891781,40.869195],[-73.896681,40.863048],[-73.901043,40.855636],[-73.906419,40.848925],[-73.90756,40.847799],[-73.910273,40.845799],[-73.91108,40.845006],[-73.91164,40.844055],[-73.91285,40.840469],[-73.913588,40.838992],[-73.914603,40.837691],[-73.919334,40.832715],[-73.9204,40.831044],[-73.921823,40.828106],[-73.922248,40.82765],[-73.923016,40.827358],[-73.924298,40.827504],[-73.927021,40.82839],[-73.929492,40.829708],[-73.930905,40.829975],[-73.939156,40.830108],[-73.940336,40.829815],[-73.941032,40.829263],[-73.942358,40.827213],[-73.94486,40.823862],[-73.949046,40.81493],[-73.950266,40.813257],[-73.952019,40.8115],[-73.952898,40.810332],[-73.953033,40.809815],[-73.952942,40.808042],[-73.95319,40.807392],[-73.984138,40.764986],[-73.984284,40.764408],[-73.983999,40.763931],[-73.97995,40.762121],[-73.979524,40.761626],[-73.97963,40.761008],[-74.001312,40.731216],[-74.002486,40.729034],[-74.002473,40.728414],[-74.002019,40.72797],[-73.997568,40.725792],[-73.99255,40.724185],[-73.991812,40.723635],[-73.991693,40.723036],[-73.991909,40.721912],[-73.994812,40.716191],[-73.994923,40.715578],[-73.994765,40.714991],[-73.985242,40.697839],[-73.983428,40.693829],[-73.981117,40.689232],[-73.980613,40.688792],[-73.977812,40.687656],[-73.977495,40.687399],[-73.976675,40.683264],[-73.976398,40.682608],[-73.962927,40.663876],[-73.96245,40.662823],[-73.961394,40.656798],[-73.961393,40.655851],[-73.964421,40.645866],[-73.96453,40.644282],[-73.954319,40.590785],[-73.954052,40.58861],[-73.954201,40.586329],[-73.95467,40.585198],[-73.959681,40.57818],[-73.960148,40.577894],[-73.961376,40.577621]]}},{"type":"Feature","properties":{"route":"B"},"geometry":{"type":"LineString","coordinates":[[-73.961376,40.577621],[-73.960148,40.577894],[-73.959681,40.57818],[-73.95467,40.585198],[-73.954201,40.586329],[-73.954052,40.58861],[-73.954319,40.590785],[-73.96453,40.644282],[-73.964421,40.645866],[-73.961393,40.655851],[-73.961394,40.656798],[-73.96245,40.662823],[-73.962927,40.663876],[-73.976398,40.682608],[-73.976675,40.683264],[-73.977495,40.687399],[-73.977812,40.687656],[-73.980613,40.688792],[-73.981117,40.689232],[-73.983428,40.693829],[-73.985242,40.697839],[-73.994765,40.714991],[-73.994923,40.715578],[-73.994812,40.716191],[-73.991909,40.721912],[-73.991693,40.723036],[-73.991812,40.723635],[-73.99255,40.724185],[-73.997568,40.725792],[-74.002019,40.72797],[-74.002473,40.728414],[-74.002515,40.728918],[-74.001312,40.731216],[-73.97963,40.761008],[-73.979524,40.761626],[-73.97995,40.762121],[-73.983999,40.763931],[-73.984284,40.764408],[-73.984138,40.764986],[-73.95319,40.807392],[-73.952942,40.808042],[-73.953033,40.809815],[-73.952898,40.810332],[-73.952019,40.8115],[-73.950266,40.813257],[-73.949046,40.81493],[-73.94486,40.823862],[-73.942358,40.827213],[-73.941032,40.829263],[-73.940336,40.829815],[-73.939156,40.830108],[-73.930905,40.829975],[-73.929492,40.829708],[-73.927021,40.82839],[-73.924298,40.827504],[-73.923016,40.827358],[-73.922248,40.82765],[-73.921823,40.828106],[-73.9204,40.831044],[-73.919334,40.832715],[-73.914603,40.837691],[-73.913588,40.838992],[-73.912924,40.840288],[-73.91164,40.844055],[-73.911176,40.84488],[-73.910404,40.845695],[-73.908121,40.847343],[-73.906787,40.848518],[-73.90142,40.855133],[-73.898918,40.859147],[-73.897064,40.862521],[-73.893509,40.866978]]}},{"type":"Feature","properties":{"route":"B"},"geometry":{"type":"LineString","coordinates":[[-73.961376,40.577621],[-73.960148,40.577894],[-73.959681,40.57818],[-73.95467,40.585198],[-73.954201,40.586329],[-73.954052,40.58861],[-73.954319,40.590785],[-73.96453,40.644282],[-73.964421,40.645866],[-73.961393,40.655851],[-73.961394,40.656798],[-73.96245,40.662823],[-73.962927,40.663876],[-73.976398,40.682608],[-73.976675,40.683264],[-73.977495,40.687399],[-73.977812,40.687656],[-73.980613,40.688792],[-73.981117,40.689232],[-73.983428,40.693829],[-73.985242,40.697839],[-73.994765,40.714991],[-73.994923,40.715578],[-73.994812,40.716191],[-73.991909,40.721912],[-73.991693,40.723036],[-73.991812,40.723635],[-73.99255,40.724185],[-73.996641,40.725437],[-73.997938,40.725961],[-74.002126,40.728032],[-74.002473,40.728414],[-74.002531,40.728808],[-74.002395,40.729279],[-74.001312,40.731216],[-73.97963,40.761008],[-73.979524,40.761626],[-73.97995,40.762121],[-73.983999,40.763931],[-73.984284,40.764408],[-73.984138,40.764986],[-73.95319,40.807392],[-73.952942,40.808042],[-73.953033,40.809815],[-73.952898,40.810332],[-73.952019,40.8115],[-73.950266,40.813257],[-73.949046,40.81493],[-73.944926,40.823739],[-73.944216,40.824783]]}},{"type":"Feature","properties":{"route":"C"},"geometry":{"type":"LineString","coordinates":[[-73.939561,40.840719],[-73.939843,40.839593],[-73.940055,40.837321],[-73.939841,40.835014],[-73.943159,40.826362],[-73.944926,40.823739],[-73.949046,40.81493],[-73.950266,40.813257],[-73.952019,40.8115],[-73.952898,40.810332],[-73.953033,40.809815],[-73.952942,40.808042],[-73.953148,40.807455],[-74.002463,40.739821],[-74.00259,40.739434],[-74.002514,40.738964],[-73.99975,40.734314],[-73.999652,40.733596],[-74.001419,40.731054],[-74.002529,40.729019],[-74.005189,40.722659],[-74.005304,40.721953],[-74.005166,40.718949],[-74.005329,40.71831],[-74.010001,40.712312],[-74.010175,40.711963],[-74.010149,40.711645],[-74.009737,40.711226],[-74.005187,40.70883],[-74.000749,40.703221],[-73.999749,40.702291],[-73.998841,40.701679],[-73.996623,40.700676],[-73.992732,40.699572],[-73.991654,40.699391],[-73.988758,40.699244],[-73.987713,40.69884],[-73.987221,40.69824],[-73.987036,40.697395],[-73.987387,40.691539],[-73.987918,40.690288],[-73.987809,40.689761],[-73.987376,40.689409],[-73.98405,40.688112],[-73.980236,40.686823],[-73.979245,40.686718],[-73.976828,40.686971],[-73.975986,40.686888],[-73.967769,40.683675],[-73.952821,40.68058],[-73.909823,40.678225],[-73.903165,40.67839],[-73.899135,40.678017],[-73.897979,40.677657],[-73.897365,40.677156],[-73.897088,40.676653],[-73.896124,40.673061],[-73.895671,40.672487],[-73.89479,40.672154],[-73.89383,40.672196],[-73.872106,40.675377]]}},{"type":"Feature","properties":{"route":"D"},"geometry":{"type":"LineString","coordinates":[[-73.878855,40.874811],[-73.883553,40.876881],[-73.884662,40.876938],[-73.885491,40.876425],[-73.886833,40.873685],[-73.888279,40.871801],[-73.888938,40.871233],[-73.890765,40.870106],[-73.891671,40.869312],[-73.896779,40.862924],[-73.900992,40.85571],[-73.906419,40.848925],[-73.907926,40.847497],[-73.910404,40.845695],[-73.911176,40.84488],[-73.91164,40.844055],[-73.912924,40.840288],[-73.913588,40.838992],[-73.914603,40.837691],[-73.919334,40.832715],[-73.9204,40.831044],[-73.921823,40.828106],[-73.922248,40.82765],[-73.923016,40.827358],[-73.924298,40.827504],[-73.927021,40.82839],[-73.929375,40.829664],[-73.930743,40.829961],[-73.939156,40.830108],[-73.940211,40.829871],[-73.940953,40.829358],[-73.942358,40.827213],[-73.94486,40.823862],[-73.949046,40.81493],[-73.950266,40.813257],[-73.952019,40.8115],[-73.952898,40.810332],[-73.953033,40.809815],[-73.952942,40.808042],[-73.95319,40.807392],[-73.984138,40.764986],[-73.984284,40.764408],[-73.983999,40.763931],[-73.97995,40.762121],[-73.979524,40.761626],[-73.97963,40.761008],[-74.001312,40.731216],[-74.002446,40.729154],[-74.002506,40.728505],[-74.002019,40.72797],[-73.997568,40.725792],[-73.99255,40.724185],[-73.991812,40.723635],[-73.991693,40.723036],[-73.991909,40.721912],[-73.994767,40.716296],[-73.994916,40.715779],[-73.994847,40.715184],[-73.985242,40.697839],[-73.983428,40.693829],[-73.981117,40.689232],[-73.980678,40.688827],[-73.978805,40.688068],[-73.97838,40.687686],[-73.97798,40.685237],[-73.978169,40.684641],[-73.983895,40.676156],[-73.992403,40.66593],[-74.005194,40.653563],[-74.005395,40.653125],[-74.005152,40.652741],[-73.993237,40.645636],[-73.992803,40.645029],[-73.992967,40.644565],[-73.994046,40.643555],[-73.994248,40.643166],[-73.994352,40.639712],[-73.995377,40.631838],[-74.001796,40.609348],[-74.00184,40.60886],[-74.001599,40.606961],[-74.00101,40.606273],[-73.985672,40.597],[-73.985328,40.596689],[-73.983436,40.587172],[-73.981837,40.585862],[-73.981109,40.584801],[-73.980899,40.584267],[-73.980804,40.583546],[-73.980923,40.582402],[-73.98146,40.580511],[-73.981412,40.5784],[-73.981233,40.577422]]}},{"type":"Feature","properties":{"route":"D"},"geometry":{"type":"LineString","coordinates":[[-73.981233,40.577422],[-73.981412,40.5784],[-73.98146,40.580511],[-73.980923,40.582402],[-73.980804,40.583546],[-73.980899,40.584267],[-73.981109,40.584801],[-73.981837,40.585862],[-73.983436,40.587172],[-73.985328,40.596689],[-73.985672,40.597],[-74.00101,40.606273],[-74.001599,40.606961],[-74.00184,40.60886],[-74.001796,40.609348],[-73.995377,40.631838],[-73.994352,40.639712],[-73.994248,40.643166],[-73.994046,40.643555],[-73.992967,40.644565],[-73.992803,40.645029],[-73.993237,40.645636],[-74.005152,40.652741],[-74.005395,40.653125],[-74.005194,40.653563],[-73.992403,40.66593],[-73.983895,40.676156],[-73.978169,40.684641],[-73.97798,40.685237],[-73.97838,40.687686],[-73.978805,40.688068],[-73.980678,40.688827],[-73.981117,40.689232],[-73.983428,40.693829],[-73.985242,40.697839],[-73.994847,40.715184],[-73.994916,40.715779],[-73.994767,40.716296],[-73.991909,40.721912],[-73.991693,40.723036],[-73.991812,40.723635],[-73.99255,40.724185],[-73.997568,40.725792],[-74.002019,40.72797],[-74.002506,40.728505],[-74.002446,40.729154],[-74.001312,40.731216],[-73.97963,40.761008],[-73.979524,40.761626],[-73.97995,40.762121],[-73.983999,40.763931],[-73.984284,40.764408],[-73.984138,40.764986],[-73.95319,40.807392],[-73.952942,40.808042],[-73.953033,40.809815],[-73.952898,40.810332],[-73.952019,40.8115],[-73.950266,40.813257],[-73.949046,40.81493],[-73.94486,40.823862],[-73.942358,40.827213],[-73.940953,40.829358],[-73.940211,40.829871],[-73.939156,40.830108],[-73.930743,40.829961],[-73.929375,40.829664],[-73.927021,40.82839],[-73.924298,40.827504],[-73.923016,40.827358],[-73.922248,40.82765],[-73.921823,40.828106],[-73.9204,40.831044],[-73.919334,40.832715],[-73.914603,40.837691],[-73.913588,40.838992],[-73.912924,40.840288],[-73.91164,40.844055],[-73.911176,40.84488],[-73.910404,40.845695],[-73.907926,40.847497],[-73.906419,40.848925],[-73.900992,40.85571],[-73.896779,40.862924],[-73.891671,40.869312],[-73.890765,40.870106],[-73.888938,40.871233],[-73.888279,40.871801],[-73.886833,40.873685],[-73.885491,40.876425],[-73.884662,40.876938],[-73.883553,40.876881],[-73.878855,40.874811]]}},{"type":"Feature","properties":{"route":"D"},"geometry":{"type":"LineString","coordinates":[[-73.986829,40.597704],[-74.00101,40.606273],[-74.001599,40.606961],[-74.00184,40.60886],[-74.001796,40.609348],[-73.995377,40.631838],[-73.994352,40.639712],[-73.994248,40.643166],[-73.994046,40.643555],[-73.992967,40.644565],[-73.992803,40.645029],[-73.993237,40.645636],[-74.005152,40.652741],[-74.00539,40.653181],[-74.005194,40.653563],[-73.992491,40.665827],[-73.983895,40.676156],[-73.978169,40.684641],[-73.97798,40.685237],[-73.97838,40.687686],[-73.978805,40.688068],[-73.980678,40.688827],[-73.981117,40.689232],[-73.983428,40.693829],[-73.985242,40.697839],[-73.994847,40.715184],[-73.994916,40.715779],[-73.994767,40.716296],[-73.991909,40.721912],[-73.991693,40.723036],[-73.991812,40.723635],[-73.99255,40.724185],[-73.997568,40.725792],[-74.002019,40.72797],[-74.002506,40.728505],[-74.002446,40.729154],[-74.001312,40.731216],[-73.97963,40.761008],[-73.979524,40.761626],[-73.97995,40.762121],[-73.983999,40.763931],[-73.984284,40.764408],[-73.984138,40.764986],[-73.95319,40.807392],[-73.952942,40.808042],[-73.953033,40.809815],[-73.952898,40.810332],[-73.952019,40.8115],[-73.950266,40.813257],[-73.949046,40.81493],[-73.94486,40.823862],[-73.942358,40.827213],[-73.940953,40.829358],[-73.940211,40.829871],[-73.939156,40.830108],[-73.930743,40.829961],[-73.929375,40.829664],[-73.927021,40.82839],[-73.924298,40.827504],[-73.923016,40.827358],[-73.922248,40.82765],[-73.921823,40.828106],[-73.9204,40.831044],[-73.919334,40.832715],[-73.914603,40.837691],[-73.913588,40.838992],[-73.912924,40.840288],[-73.91164,40.844055],[-73.911176,40.84488],[-73.910404,40.845695],[-73.907926,40.847497],[-73.906419,40.848925],[-73.900992,40.85571],[-73.896779,40.862924],[-73.891671,40.869312],[-73.890765,40.870106],[-73.888938,40.871233],[-73.888279,40.871801],[-73.886833,40.873685],[-73.885491,40.876425],[-73.884662,40.876938],[-73.883553,40.876881],[-73.878855,40.874811]]}},{"type":"Feature","properties":{"route":"D"},"geometry":{"type":"LineString","coordinates":[[-73.887138,40.873244],[-73.888619,40.871475],[-73.890765,40.870106],[-73.891781,40.869195],[-73.896681,40.863048],[-73.901043,40.855636],[-73.906419,40.848925],[-73.90756,40.847799],[-73.910273,40.845799],[-73.91108,40.845006],[-73.91164,40.844055],[-73.91285,40.840469],[-73.913588,40.838992],[-73.914603,40.837691],[-73.919334,40.832715],[-73.9204,40.831044],[-73.921823,40.828106],[-73.922248,40.82765],[-73.923016,40.827358],[-73.924298,40.827504],[-73.927021,40.82839],[-73.929492,40.829708],[-73.930905,40.829975],[-73.939156,40.830108],[-73.940336,40.829815],[-73.941032,40.829263],[-73.942358,40.827213],[-73.94486,40.823862],[-73.949046,40.81493],[-73.950266,40.813257],[-73.952019,40.8115],[-73.952898,40.810332],[-73.953033,40.809815],[-73.952942,40.808042],[-73.95319,40.807392],[-73.984138,40.764986],[-73.984284,40.764408],[-73.983999,40.763931],[-73.97995,40.762121],[-73.979524,40.761626],[-73.97963,40.761008],[-74.001312,40.731216],[-74.002486,40.729034],[-74.002473,40.728414],[-74.002019,40.72797],[-73.997568,40.725792],[-73.99255,40.724185],[-73.991812,40.723635],[-73.991693,40.723036],[-73.991909,40.721912],[-73.994767,40.716296],[-73.994916,40.715779],[-73.994847,40.715184],[-73.985242,40.697839],[-73.983428,40.693829],[-73.981117,40.689232],[-73.980678,40.688827],[-73.978805,40.688068],[-73.97838,40.687686],[-73.97798,40.685237],[-73.978169,40.684641],[-73.983895,40.676156],[-73.992403,40.66593],[-74.005194,40.653563],[-74.005395,40.653125],[-74.005152,40.652741],[-73.993237,40.645636],[-73.992803,40.645029],[-73.992967,40.644565],[-73.994046,40.643555],[-73.994248,40.643166],[-73.994352,40.639712],[-73.995377,40.631838],[-74.001796,40.609348],[-74.00184,40.60886],[-74.001599,40.606961],[-74.00101,40.606273],[-73.985672,40.597],[-73.985328,40.596689],[-73.983436,40.587172],[-73.981837,40.585862],[-73.981109,40.584801],[-73.980899,40.584267],[-73.980804,40.583546],[-73.980923,40.582402],[-73.98146,40.580511],[-73.981412,40.5784],[-73.981233,40.577422]]}},{"type":"Feature","properties":{"route":"D"},"geometry":{"type":"LineString","coordinates":[[-73.878855,40.874811],[-73.883553,40.876881],[-73.884662,40.876938],[-73.885491,40.876425],[-73.886833,40.873685],[-73.888279,40.871801],[-73.888938,40.871233],[-73.890765,40.870106],[-73.891671,40.869312],[-73.896779,40.862924],[-73.900992,40.85571],[-73.906419,40.848925],[-73.907926,40.847497],[-73.910404,40.845695],[-73.911176,40.84488],[-73.91164,40.844055],[-73.912924,40.840288],[-73.913588,40.838992],[-73.914603,40.837691],[-73.919334,40.832715],[-73.9204,40.831044],[-73.921823,40.828106],[-73.922248,40.82765],[-73.923016,40.827358],[-73.924298,40.827504],[-73.927021,40.82839],[-73.929375,40.829664],[-73.930743,40.829961],[-73.939156,40.830108],[-73.940211,40.829871],[-73.940953,40.829358],[-73.942358,40.827213],[-73.94486,40.823862],[-73.949046,40.81493],[-73.950266,40.813257],[-73.952019,40.8115],[-73.952898,40.810332],[-73.953033,40.809815],[-73.952942,40.808042],[-73.95319,40.807392],[-73.984138,40.764986],[-73.984284,40.764408],[-73.983999,40.763931],[-73.97995,40.762121],[-73.979524,40.761626],[-73.97963,40.761008],[-74.001312,40.731216],[-74.002395,40.729279],[-74.002506,40.728505],[-74.002019,40.72797],[-73.997568,40.725792],[-73.99255,40.724185],[-73.991812,40.723635],[-73.991693,40.723036],[-73.991909,40.721912],[-73.994767,40.716296],[-73.994916,40.715779],[-73.994847,40.715184],[-73.985242,40.697839],[-73.983428,40.693829],[-73.981117,40.689232],[-73.980678,40.688827],[-73.978805,40.688068],[-73.97838,40.687686],[-73.97798,40.685237],[-73.978169,40.684641],[-73.983895,40.676156],[-73.992491,40.665827],[-74.005194,40.653563],[-74.00539,40.653181],[-74.005152,40.652741],[-73.993237,40.645636],[-73.992816,40.645105],[-73.992967,40.644565],[-73.994046,40.643555],[-73.994237,40.643213],[-73.994352,40.639712],[-73.99539,40.631779],[-74.001843,40.608941],[-74.001634,40.60709],[-74.001258,40.606458],[-73.993728,40.601875]]}},{"type":"Feature","properties":{"route":"E"},"geometry":{"type":"LineString","coordinates":[[-73.801109,40.702147],[-73.80803,40.70047],[-73.809551,40.699899],[-73.811503,40.699383],[-73.81265,40.699436],[-73.815003,40.700115],[-73.815558,40.700468],[-73.816062,40.701042],[-73.817983,40.704945],[-73.820895,40.709723],[-73.821757,40.710516],[-73.827871,40.712918],[-73.831008,40.714441],[-73.835753,40.717531],[-73.840875,40.72007],[-73.848187,40.723371],[-73.849372,40.724151],[-73.851228,40.725699],[-73.852538,40.726443],[-73.854378,40.727216],[-73.865257,40.731187],[-73.869229,40.733106],[-73.875194,40.734988],[-73.876054,40.735507],[-73.876705,40.736148],[-73.878649,40.739739],[-73.879117,40.740389],[-73.880977,40.741822],[-73.882218,40.742569],[-73.885104,40.743987],[-73.906786,40.753221],[-73.917638,40.758356],[-73.918765,40.75851],[-73.919713,40.758107],[-73.923848,40.752918],[-73.92456,40.752411],[-73.92612,40.752098],[-73.931908,40.751979],[-73.933212,40.751758],[-73.934532,40.751125],[-73.936442,40.749408],[-73.936963,40.749083],[-73.941678,40.747385],[-73.942927,40.747273],[-73.952344,40.749075],[-73.954279,40.749664],[-73.957251,40.751182],[-73.961729,40.754329],[-73.96263,40.754839],[-73.983698,40.763731],[-73.984216,40.763838],[-73.984879,40.76372],[-73.985322,40.763365],[-74.002502,40.739744],[-74.002594,40.739356],[-74.002514,40.738964],[-73.99975,40.734314],[-73.999652,40.733596],[-74.001419,40.731054],[-74.002529,40.729019],[-74.005189,40.722659],[-74.005304,40.721953],[-74.005161,40.718947],[-74.005325,40.718309],[-74.009781,40.712582]]}},{"type":"Feature","properties":{"route":"E"},"geometry":{"type":"LineString","coordinates":[[-73.801109,40.702147],[-73.80803,40.70047],[-73.809551,40.699899],[-73.811503,40.699383],[-73.81265,40.699436],[-73.815003,40.700115],[-73.815558,40.700468],[-73.816062,40.701042],[-73.817983,40.704945],[-73.820895,40.709723],[-73.821757,40.710516],[-73.827871,40.712918],[-73.831008,40.714441],[-73.835753,40.717531],[-73.840875,40.72007],[-73.848187,40.723371],[-73.849372,40.724151],[-73.851228,40.725699],[-73.852538,40.726443],[-73.854378,40.727216],[-73.865257,40.731187],[-73.869229,40.733106],[-73.874412,40.734679],[-73.875429,40.735106],[-73.876236,40.735655],[-73.876834,40.736327],[-73.87906,40.740326],[-73.881662,40.742256],[-73.885104,40.743987],[-73.906278,40.752988],[-73.907767,40.753228],[-73.911187,40.753044],[-73.915542,40.753755],[-73.91716,40.753847],[-73.918511,40.753697],[-73.925796,40.752132],[-73.932452,40.751924],[-73.933451,40.75168],[-73.934331,40.751258],[-73.936442,40.749408],[-73.936963,40.749083],[-73.941678,40.747385],[-73.943063,40.747287],[-73.952344,40.749075],[-73.954605,40.749795],[-73.957251,40.751182],[-73.961729,40.754329],[-73.96263,40.754839],[-73.983698,40.763731],[-73.984216,40.763838],[-73.984879,40.76372],[-73.985322,40.763365],[-74.002502,40.739744],[-74.002594,40.739356],[-74.002514,40.738964],[-73.99975,40.734314],[-73.999652,40.733596],[-74.001419,40.731054],[-74.002529,40.729019],[-74.005189,40.722659],[-74.005304,40.721953],[-74.005161,40.718947],[-74.005325,40.718309],[-74.009781,40.712582]]}},{"type":"Feature","properties":{"route":"E"},"geometry":{"type":"LineString","coordinates":[[-73.783817,40.712646],[-73.786003,40.712164],[-73.789961,40.711762],[-73.795329,40.709836],[-73.814414,40.704413],[-73.815403,40.704229],[-73.816571,40.704306],[-73.817333,40.704603],[-73.818196,40.705321],[-73.820963,40.709823],[-73.821887,40.710588],[-73.827871,40.712918],[-73.831008,40.714441],[-73.835753,40.717531],[-73.840875,40.72007],[-73.848187,40.723371],[-73.849372,40.724151],[-73.851228,40.725699],[-73.852538,40.726443],[-73.854378,40.727216],[-73.865257,40.731187],[-73.869229,40.733106],[-73.874412,40.734679],[-73.875429,40.735106],[-73.876236,40.735655],[-73.876834,40.736327],[-73.87906,40.740326],[-73.881662,40.742256],[-73.885104,40.743987],[-73.906278,40.752988],[-73.907767,40.753228],[-73.911187,40.753044],[-73.915542,40.753755],[-73.91716,40.753847],[-73.918511,40.753697],[-73.925796,40.752132],[-73.932452,40.751924],[-73.933451,40.75168],[-73.934331,40.751258],[-73.936442,40.749408],[-73.936963,40.749083],[-73.941678,40.747385],[-73.943063,40.747287],[-73.952344,40.749075],[-73.954279,40.749664],[-73.957251,40.751182],[-73.961729,40.754329],[-73.96263,40.754839],[-73.983698,40.763731],[-73.984337,40.763842],[-73.984879,40.76372],[-73.985322,40.763365],[-74.002502,40.739744],[-74.002594,40.739356],[-74.002514,40.738964],[-73.99975,40.734314],[-73.999652,40.733596],[-74.001419,40.731054],[-74.002529,40.729019],[-74.005189,40.722659],[-74.005304,40.721953],[-74.005161,40.718947],[-74.005325,40.718309],[-74.009781,40.712582]]}},{"type":"Feature","properties":{"route":"F"},"geometry":{"type":"LineString","coordinates":[[-73.783817,40.712646],[-73.786003,40.712164],[-73.789961,40.711762],[-73.795329,40.709836],[-73.814414,40.704413],[-73.815403,40.704229],[-73.816571,40.704306],[-73.817333,40.704603],[-73.818196,40.705321],[-73.820963,40.709823],[-73.821887,40.710588],[-73.827871,40.712918],[-73.831008,40.714441],[-73.835753,40.717531],[-73.840875,40.72007],[-73.848187,40.723371],[-73.849372,40.724151],[-73.851228,40.725699],[-73.852538,40.726443],[-73.854378,40.727216],[-73.865257,40.731187],[-73.869229,40.733106],[-73.875194,40.734988],[-73.876054,40.735507],[-73.876705,40.736148],[-73.878649,40.739739],[-73.879117,40.740389],[-73.880977,40.741822],[-73.882218,40.742569],[-73.885104,40.743987],[-73.906786,40.753221],[-73.917432,40.758276],[-73.91859,40.758523],[-73.919262,40.758378],[-73.919713,40.758107],[-73.923848,40.752918],[-73.92456,40.752411],[-73.926339,40.752083],[-73.932452,40.751924],[-73.933682,40.751591],[-73.935111,40.750806],[-73.935975,40.750697],[-73.936548,40.750871],[-73.947691,40.756682],[-73.957506,40.761003],[-73.97133,40.766827],[-73.972394,40.767201],[-73.973658,40.767353],[-73.974487,40.767205],[-73.975214,40.766834],[-73.975637,40.766457],[-74.001312,40.731216],[-74.002395,40.729279],[-74.002535,40.728702],[-74.002428,40.728328],[-74.002126,40.728032],[-73.997568,40.725792],[-73.987704,40.722723],[-73.987058,40.722365],[-73.986729,40.721741],[-73.986929,40.720922],[-73.989953,40.715055],[-73.99019,40.714055],[-73.989866,40.711503],[-73.989518,40.710288],[-73.988899,40.709071],[-73.987234,40.706752],[-73.986813,40.705803],[-73.986604,40.704836],[-73.987423,40.691336],[-73.987738,40.690701],[-73.993851,40.681727],[-73.995775,40.679303],[-73.997343,40.676167],[-73.99746,40.675663],[-73.997367,40.675025],[-73.997022,40.674474],[-73.996031,40.673631],[-73.993056,40.67186],[-73.988253,40.669548],[-73.985354,40.668766],[-73.977729,40.665013],[-73.977245,40.664645],[-73.976938,40.664108],[-73.977094,40.663364],[-73.97976,40.660002],[-73.980342,40.659039],[-73.98044,40.658475],[-73.980281,40.658066],[-73.979912,40.657695],[-73.977203,40.656084],[-73.976664,40.655517],[-73.976464,40.655008],[-73.975911,40.652057],[-73.975814,40.65032],[-73.97604,40.649525],[-73.976613,40.648766],[-73.977113,40.648437],[-73.978865,40.647706],[-73.979513,40.647205],[-73.979886,40.646577],[-73.979985,40.645822],[-73.979072,40.640261],[-73.978262,40.636596],[-73.972299,40.605143],[-73.97223,40.60425],[-73.97428,40.589287],[-73.974631,40.583259],[-73.974514,40.581895],[-73.974719,40.578755],[-73.974556,40.576802],[-73.974919,40.576454],[-73.97662,40.575912],[-73.978088,40.575771],[-73.980212,40.576058],[-73.980762,40.576235],[-73.981047,40.576518],[-73.981233,40.577422]]}},{"type":"Feature","properties":{"route":"F"},"geometry":{"type":"LineString","coordinates":[[-73.783817,40.712646],[-73.786003,40.712164],[-73.789961,40.711762],[-73.795329,40.709836],[-73.814414,40.704413],[-73.815403,40.704229],[-73.816571,40.704306],[-73.817333,40.704603],[-73.818196,40.705321],[-73.820963,40.709823],[-73.821887,40.710588],[-73.827871,40.712918],[-73.831008,40.714441],[-73.835753,40.717531],[-73.840875,40.72007],[-73.848187,40.723371],[-73.849372,40.724151],[-73.851228,40.725699],[-73.852538,40.726443],[-73.854378,40.727216],[-73.865257,40.731187],[-73.869229,40.733106],[-73.874412,40.734679],[-73.875429,40.735106],[-73.876236,40.735655],[-73.876834,40.736327],[-73.87906,40.740326],[-73.881662,40.742256],[-73.885104,40.743987],[-73.906006,40.752885],[-73.907609,40.753225],[-73.911187,40.753044],[-73.915776,40.753786],[-73.917614,40.753821],[-73.925796,40.752132],[-73.932452,40.751924],[-73.933682,40.751591],[-73.935255,40.750757],[-73.936119,40.750722],[-73.947645,40.756661],[-73.957506,40.761003],[-73.97133,40.766827],[-73.972394,40.767201],[-73.973658,40.767353],[-73.974487,40.767205],[-73.975214,40.766834],[-73.975637,40.766457],[-74.001312,40.731216],[-74.002395,40.729279],[-74.002535,40.728702],[-74.002428,40.728328],[-74.002126,40.728032],[-73.997568,40.725792],[-73.987704,40.722723],[-73.987058,40.722365],[-73.986729,40.721741],[-73.986929,40.720922],[-73.989953,40.715055],[-73.99019,40.714055],[-73.989866,40.711503],[-73.989518,40.710288],[-73.988899,40.709071],[-73.987234,40.706752],[-73.986813,40.705803],[-73.986604,40.704836],[-73.987423,40.691336],[-73.987738,40.690701],[-73.993851,40.681727],[-73.995775,40.679303],[-73.997343,40.676167],[-73.99746,40.675663],[-73.997367,40.675025],[-73.997022,40.674474],[-73.996031,40.673631],[-73.993056,40.67186],[-73.988253,40.669548],[-73.985354,40.668766],[-73.977729,40.665013],[-73.977245,40.664645],[-73.976938,40.664108],[-73.977094,40.663364],[-73.97976,40.660002],[-73.980342,40.659039],[-73.98044,40.658475],[-73.980281,40.658066],[-73.979912,40.657695],[-73.977203,40.656084],[-73.976664,40.655517],[-73.976464,40.655008],[-73.975911,40.652057],[-73.975814,40.65032],[-73.97604,40.649525],[-73.976613,40.648766],[-73.977113,40.648437],[-73.978865,40.647706],[-73.979513,40.647205],[-73.979886,40.646577],[-73.979985,40.645822],[-73.979072,40.640261],[-73.978262,40.636596],[-73.972299,40.605143],[-73.97223,40.60425],[-73.97428,40.589287],[-73.974631,40.583259],[-73.974514,40.581895],[-73.974719,40.578755],[-73.974556,40.576802],[-73.974919,40.576454],[-73.97662,40.575912],[-73.978088,40.575771],[-73.980212,40.576058],[-73.980762,40.576235],[-73.981047,40.576518],[-73.981233,40.577422]]}},{"type":"Feature","properties":{"route":"F"},"geometry":{"type":"LineString","coordinates":[[-73.981233,40.577422],[-73.981047,40.576518],[-73.980762,40.576235],[-73.980212,40.576058],[-73.978088,40.575771],[-73.97662,40.575912],[-73.974919,40.576454],[-73.974556,40.576802],[-73.974719,40.578755],[-73.974514,40.581895],[-73.974631,40.583259],[-73.97428,40.589287],[-73.97223,40.60425],[-73.972299,40.605143],[-73.978262,40.636596],[-73.979072,40.640261],[-73.979985,40.645822],[-73.979886,40.646577],[-73.979513,40.647205],[-73.978865,40.647706],[-73.977113,40.648437],[-73.976613,40.648766],[-73.97604,40.649525],[-73.975814,40.65032],[-73.975911,40.652057],[-73.976464,40.655008],[-73.976664,40.655517],[-73.977203,40.656084],[-73.979912,40.657695],[-73.980281,40.658066],[-73.98044,40.658475],[-73.980342,40.659039],[-73.97976,40.660002],[-73.977094,40.663364],[-73.976938,40.664108],[-73.977245,40.664645],[-73.977729,40.665013],[-73.985354,40.668766],[-73.988253,40.669548],[-73.993056,40.67186],[-73.996031,40.673631],[-73.997022,40.674474],[-73.997367,40.675025],[-73.99746,40.675663],[-73.997343,40.676167],[-73.995775,40.679303],[-73.993851,40.681727],[-73.987738,40.690701],[-73.987423,40.691336],[-73.986604,40.704836],[-73.986813,40.705803],[-73.987234,40.706752],[-73.988899,40.709071],[-73.989518,40.710288],[-73.989866,40.711503],[-73.99019,40.714055],[-73.989953,40.715055],[-73.986929,40.720922],[-73.986729,40.721741],[-73.987058,40.722365],[-73.987704,40.722723],[-73.997568,40.725792],[-74.002126,40.728032],[-74.002428,40.728328],[-74.002535,40.728702],[-74.002395,40.729279],[-74.001312,40.731216],[-73.975637,40.766457],[-73.975214,40.766834],[-73.974487,40.767205],[-73.973658,40.767353],[-73.972394,40.767201],[-73.97133,40.766827],[-73.957506,40.761003],[-73.947645,40.756661],[-73.936119,40.750722],[-73.935255,40.750757],[-73.933682,40.751591],[-73.932452,40.751924],[-73.925796,40.752132],[-73.917614,40.753821],[-73.915776,40.753786],[-73.911187,40.753044],[-73.907609,40.753225],[-73.906006,40.752885],[-73.885104,40.743987],[-73.881662,40.742256],[-73.87906,40.740326],[-73.876834,40.736327],[-73.876236,40.735655],[-73.875429,40.735106],[-73.874412,40.734679],[-73.869229,40.733106],[-73.865257,40.731187],[-73.854378,40.727216],[-73.852538,40.726443],[-73.851228,40.725699],[-73.849372,40.724151],[-73.848187,40.723371],[-73.840875,40.72007],[-73.835753,40.717531],[-73.831008,40.714441],[-73.827871,40.712918],[-73.821887,40.710588],[-73.820963,40.709823],[-73.818196,40.705321],[-73.817333,40.704603],[-73.816571,40.704306],[-73.815403,40.704229],[-73.814414,40.704413],[-73.795329,40.709836],[-73.789961,40.711762],[-73.786003,40.712164],[-73.783817,40.712646]]}},{"type":"Feature","properties":{"route":"F"},"geometry":{"type":"LineString","coordinates":[[-73.783817,40.712646],[-73.786003,40.712164],[-73.789961,40.711762],[-73.795329,40.709836],[-73.814414,40.704413],[-73.815403,40.704229],[-73.816571,40.704306],[-73.817333,40.704603],[-73.818196,40.705321],[-73.820963,40.709823],[-73.821887,40.710588],[-73.827871,40.712918],[-73.831008,40.714441],[-73.835753,40.717531],[-73.840875,40.72007],[-73.848187,40.723371],[-73.849372,40.724151],[-73.851228,40.725699],[-73.852538,40.726443],[-73.854378,40.727216],[-73.865257,40.731187],[-73.869229,40.733106],[-73.874412,40.734679],[-73.875429,40.735106],[-73.876236,40.735655],[-73.876834,40.736327],[-73.87906,40.740326],[-73.881662,40.742256],[-73.885104,40.743987],[-73.906278,40.752988],[-73.907767,40.753228],[-73.911187,40.753044],[-73.915542,40.753755],[-73.91716,40.753847],[-73.918511,40.753697],[-73.925796,40.752132],[-73.932452,40.751924],[-73.933451,40.75168],[-73.934331,40.751258],[-73.936442,40.749408],[-73.936963,40.749083],[-73.941678,40.747385],[-73.943063,40.747287],[-73.952344,40.749075],[-73.954279,40.749664],[-73.957251,40.751182],[-73.961729,40.754329],[-73.96263,40.754839],[-73.976697,40.760789],[-73.978435,40.76136],[-73.978931,40.761356],[-73.979448,40.761138],[-74.001312,40.731216],[-74.002395,40.729279],[-74.002535,40.728702],[-74.002428,40.728328],[-74.002126,40.728032],[-73.997568,40.725792],[-73.987704,40.722723],[-73.987058,40.722365],[-73.986729,40.721741],[-73.986929,40.720922],[-73.989953,40.715055],[-73.99019,40.714055],[-73.989866,40.711503],[-73.989518,40.710288],[-73.988899,40.709071],[-73.987234,40.706752],[-73.986813,40.705803],[-73.986604,40.704836],[-73.987423,40.691336],[-73.987738,40.690701],[-73.993851,40.681727],[-73.995775,40.679303],[-73.997343,40.676167],[-73.99746,40.675663],[-73.997367,40.675025],[-73.997022,40.674474],[-73.996031,40.673631],[-73.993056,40.67186],[-73.988253,40.669548],[-73.985354,40.668766],[-73.977729,40.665013],[-73.977245,40.664645],[-73.976938,40.664108],[-73.977094,40.663364],[-73.97976,40.660002],[-73.980342,40.659039],[-73.98044,40.658475],[-73.980281,40.658066],[-73.979912,40.657695],[-73.977203,40.656084],[-73.976664,40.655517],[-73.976464,40.655008],[-73.975911,40.652057],[-73.975814,40.65032],[-73.97604,40.649525],[-73.976613,40.648766],[-73.977113,40.648437],[-73.978865,40.647706],[-73.979513,40.647205],[-73.979886,40.646577],[-73.979985,40.645822],[-73.979072,40.640261],[-73.978262,40.636596],[-73.972299,40.605143],[-73.97223,40.60425],[-73.97428,40.589287],[-73.974631,40.583259],[-73.974514,40.581895],[-73.974719,40.578755],[-73.974556,40.576802],[-73.974919,40.576454],[-73.97662,40.575912],[-73.978088,40.575771],[-73.980212,40.576058],[-73.980762,40.576235],[-73.981047,40.576518],[-73.981233,40.577422]]}},{"type":"Feature","properties":{"route":"F"},"geometry":{"type":"LineString","coordinates":[[-73.97425,40.58962],[-73.972247,40.604053],[-73.972243,40.60475],[-73.978262,40.636596],[-73.979072,40.640261],[-73.979985,40.645822],[-73.979886,40.646577],[-73.979376,40.647342],[-73.97866,40.647813],[-73.976933,40.648536],[-73.976345,40.649038],[-73.975901,40.649902],[-73.975797,40.651128],[-73.976441,40.654895],[-73.976664,40.655517],[-73.977203,40.656084],[-73.980024,40.657784],[-73.98034,40.658165],[-73.980446,40.658583],[-73.980342,40.659039],[-73.97976,40.660002],[-73.977094,40.663364],[-73.976938,40.664108],[-73.977245,40.664645],[-73.977729,40.665013],[-73.985354,40.668766],[-73.988253,40.669548],[-73.99324,40.671959],[-73.996391,40.673906],[-73.997146,40.674622],[-73.997451,40.675379],[-73.997287,40.676302],[-73.995775,40.679303],[-73.993851,40.681727],[-73.987738,40.690701],[-73.987423,40.691336],[-73.986604,40.704836],[-73.986813,40.705803],[-73.987234,40.706752],[-73.988899,40.709071],[-73.989518,40.710288],[-73.989866,40.711503],[-73.99019,40.714055],[-73.989953,40.715055],[-73.986848,40.721101],[-73.986752,40.721881],[-73.987058,40.722365],[-73.987704,40.722723],[-73.997568,40.725792],[-74.002126,40.728032],[-74.002428,40.728328],[-74.002535,40.728702],[-74.002395,40.729279],[-74.001312,40.731216],[-73.979701,40.760893],[-73.979354,40.761201],[-73.978931,40.761356],[-73.978435,40.76136],[-73.976697,40.760789],[-73.96263,40.754839],[-73.961729,40.754329],[-73.957251,40.751182],[-73.954279,40.749664],[-73.952344,40.749075],[-73.943063,40.747287],[-73.941678,40.747385],[-73.936963,40.749083],[-73.936442,40.749408],[-73.934331,40.751258],[-73.933451,40.75168],[-73.932452,40.751924],[-73.925796,40.752132],[-73.918511,40.753697],[-73.91716,40.753847],[-73.915542,40.753755],[-73.911187,40.753044],[-73.907767,40.753228],[-73.906278,40.752988],[-73.885104,40.743987],[-73.881662,40.742256],[-73.87906,40.740326],[-73.876834,40.736327],[-73.876236,40.735655],[-73.875429,40.735106],[-73.874412,40.734679],[-73.869229,40.733106],[-73.865257,40.731187],[-73.854378,40.727216],[-73.852538,40.726443],[-73.851228,40.725699],[-73.849372,40.724151],[-73.848187,40.723371],[-73.840875,40.72007],[-73.835753,40.717531],[-73.831008,40.714441],[-73.827871,40.712918],[-73.821887,40.710588],[-73.820963,40.709823],[-73.818196,40.705321],[-73.817333,40.704603],[-73.816571,40.704306],[-73.815403,40.704229],[-73.814414,40.704413],[-73.795329,40.709836],[-73.789961,40.711762],[-73.786003,40.712164],[-73.783817,40.712646]]}},{"type":"Feature","properties":{"route":"F"},"geometry":{"type":"LineString","coordinates":[[-73.783817,40.712646],[-73.786003,40.712164],[-73.789961,40.711762],[-73.795329,40.709836],[-73.814414,40.704413],[-73.815403,40.704229],[-73.816571,40.704306],[-73.817333,40.704603],[-73.818196,40.705321],[-73.820963,40.709823],[-73.821887,40.710588],[-73.827871,40.712918],[-73.831008,40.714441],[-73.835753,40.717531],[-73.840875,40.72007],[-73.848187,40.723371],[-73.849372,40.724151],[-73.851228,40.725699],[-73.852538,40.726443],[-73.854378,40.727216],[-73.865257,40.731187],[-73.869229,40.733106],[-73.875194,40.734988],[-73.876054,40.735507],[-73.876705,40.736148],[-73.878649,40.739739],[-73.879117,40.740389],[-73.880977,40.741822],[-73.882218,40.742569],[-73.885104,40.743987],[-73.906786,40.753221],[-73.917638,40.758356],[-73.918765,40.75851],[-73.919713,40.758107],[-73.923848,40.752918],[-73.924467,40.752452],[-73.92612,40.752098],[-73.931908,40.751979],[-73.933212,40.751758],[-73.934532,40.751125],[-73.936442,40.749408],[-73.936963,40.749083],[-73.941678,40.747385],[-73.942794,40.747264],[-73.952344,40.749075],[-73.954279,40.749664],[-73.957251,40.751182],[-73.961729,40.754329],[-73.96263,40.754839],[-73.976697,40.760789],[-73.978299,40.761338],[-73.979152,40.761297],[-73.979701,40.760893],[-74.001312,40.731216],[-74.002395,40.729279],[-74.002535,40.728702],[-74.002428,40.728328],[-74.002126,40.728032],[-73.997568,40.725792],[-73.987704,40.722723],[-73.987058,40.722365],[-73.986752,40.721881],[-73.986848,40.721101],[-73.989953,40.715055],[-73.99019,40.714055],[-73.989866,40.711503],[-73.989518,40.710288],[-73.988899,40.709071],[-73.987234,40.706752],[-73.986813,40.705803],[-73.986604,40.704836],[-73.987423,40.691336],[-73.987738,40.690701],[-73.993851,40.681727],[-73.995775,40.679303],[-73.997287,40.676302],[-73.997451,40.675379],[-73.997146,40.674622],[-73.996391,40.673906],[-73.99324,40.671959],[-73.988253,40.669548],[-73.985354,40.668766],[-73.977941,40.66513],[-73.977382,40.664771],[-73.977043,40.664383],[-73.976928,40.66382],[-73.977094,40.663364],[-73.97976,40.660002],[-73.980342,40.659039],[-73.98044,40.658475],[-73.980281,40.658066],[-73.979912,40.657695],[-73.977203,40.656084],[-73.976664,40.655517],[-73.976464,40.655008],[-73.975911,40.652057],[-73.975814,40.65032],[-73.97604,40.649525],[-73.976613,40.648766],[-73.977113,40.648437],[-73.978865,40.647706],[-73.979733,40.646907],[-73.979936,40.6464],[-73.979985,40.645822],[-73.979678,40.644041]]}},{"type":"Feature","properties":{"route":"F"},"geometry":{"type":"LineString","coordinates":[[-73.783817,40.712646],[-73.786003,40.712164],[-73.789961,40.711762],[-73.795329,40.709836],[-73.814414,40.704413],[-73.815403,40.704229],[-73.816571,40.704306],[-73.817333,40.704603],[-73.818196,40.705321],[-73.820963,40.709823],[-73.821887,40.710588],[-73.827871,40.712918],[-73.831008,40.714441],[-73.835753,40.717531],[-73.840875,40.72007],[-73.848187,40.723371],[-73.849372,40.724151],[-73.851228,40.725699],[-73.852538,40.726443],[-73.854378,40.727216],[-73.865257,40.731187],[-73.869229,40.733106],[-73.874412,40.734679],[-73.875429,40.735106],[-73.876236,40.735655],[-73.876834,40.736327],[-73.87906,40.740326],[-73.881662,40.742256],[-73.885104,40.743987],[-73.906278,40.752988],[-73.907767,40.753228],[-73.911187,40.753044],[-73.915542,40.753755],[-73.91716,40.753847],[-73.918511,40.753697],[-73.925796,40.752132],[-73.932452,40.751924],[-73.933451,40.75168],[-73.934331,40.751258],[-73.936442,40.749408],[-73.936963,40.749083],[-73.941678,40.747385],[-73.943063,40.747287],[-73.952344,40.749075],[-73.954279,40.749664],[-73.957251,40.751182],[-73.961729,40.754329],[-73.96263,40.754839],[-73.976697,40.760789],[-73.978435,40.76136],[-73.978931,40.761356],[-73.979354,40.761201],[-73.979701,40.760893],[-74.001312,40.731216],[-74.002395,40.729279],[-74.002535,40.728702],[-74.002428,40.728328],[-74.002126,40.728032],[-73.997568,40.725792],[-73.987704,40.722723],[-73.987058,40.722365],[-73.986752,40.721881],[-73.986848,40.721101],[-73.989953,40.715055],[-73.99019,40.714055],[-73.989866,40.711503],[-73.989518,40.710288],[-73.988899,40.709071],[-73.987234,40.706752],[-73.986813,40.705803],[-73.986604,40.704836],[-73.987423,40.691336],[-73.987738,40.690701],[-73.993851,40.681727],[-73.995775,40.679303],[-73.997287,40.676302],[-73.997451,40.675379],[-73.997146,40.674622],[-73.996391,40.673906],[-73.99324,40.671959],[-73.988253,40.669548],[-73.985354,40.668766],[-73.977941,40.66513],[-73.977382,40.664771],[-73.976978,40.664247],[-73.976928,40.66382],[-73.977094,40.663364],[-73.97976,40.660002],[-73.980342,40.659039],[-73.98044,40.658475],[-73.980281,40.658066],[-73.979912,40.657695],[-73.977203,40.656084],[-73.976664,40.655517],[-73.976464,40.655008],[-73.975911,40.652057],[-73.975814,40.65032],[-73.97604,40.649525],[-73.976613,40.648766],[-73.977113,40.648437],[-73.978865,40.647706],[-73.979513,40.647205],[-73.979886,40.646577],[-73.979985,40.645822],[-73.979072,40.640261],[-73.978262,40.636596],[-73.972284,40.605062],[-73.972227,40.604318],[-73.972361,40.603217]]}},{"type":"Feature","properties":{"route":"F"},"geometry":{"type":"LineString","coordinates":[[-73.981233,40.577422],[-73.981047,40.576518],[-73.980762,40.576235],[-73.980212,40.576058],[-73.978088,40.575771],[-73.97662,40.575912],[-73.974919,40.576454],[-73.974556,40.576802],[-73.974719,40.578755],[-73.974514,40.581895],[-73.974631,40.583259],[-73.97428,40.589287],[-73.97223,40.60425],[-73.972299,40.605143],[-73.978262,40.636596],[-73.979072,40.640261],[-73.979985,40.645822],[-73.979886,40.646577],[-73.979513,40.647205],[-73.978865,40.647706],[-73.977113,40.648437],[-73.976613,40.648766],[-73.976129,40.649352],[-73.975851,40.650106],[-73.975825,40.651415],[-73.97651,40.655699],[-73.976458,40.656767],[-73.97601,40.65937],[-73.976299,40.663049],[-73.976726,40.66415],[-73.977568,40.664936],[-73.985354,40.668766],[-73.988253,40.669548],[-73.992891,40.671773],[-73.99587,40.673514],[-73.997022,40.674474],[-73.997367,40.675025],[-73.99746,40.675663],[-73.997343,40.676167],[-73.995775,40.679303],[-73.993851,40.681727],[-73.987738,40.690701],[-73.987423,40.691336],[-73.986604,40.704836],[-73.986813,40.705803],[-73.987234,40.706752],[-73.988899,40.709071],[-73.989518,40.710288],[-73.989866,40.711503],[-73.99019,40.714055],[-73.989953,40.715055],[-73.986929,40.720922],[-73.986729,40.721741],[-73.987058,40.722365],[-73.987704,40.722723],[-73.997568,40.725792],[-74.002126,40.728032],[-74.002428,40.728328],[-74.002535,40.728702],[-74.002395,40.729279],[-74.001312,40.731216],[-73.979448,40.761138],[-73.978931,40.761356],[-73.978435,40.76136],[-73.976697,40.760789],[-73.96263,40.754839],[-73.961729,40.754329],[-73.957251,40.751182],[-73.954279,40.749664],[-73.952344,40.749075],[-73.943063,40.747287],[-73.941678,40.747385],[-73.936963,40.749083],[-73.936442,40.749408],[-73.934331,40.751258],[-73.933451,40.75168],[-73.932452,40.751924],[-73.925796,40.752132],[-73.918511,40.753697],[-73.91716,40.753847],[-73.915542,40.753755],[-73.911187,40.753044],[-73.907767,40.753228],[-73.906278,40.752988],[-73.885104,40.743987],[-73.881662,40.742256],[-73.87906,40.740326],[-73.876834,40.736327],[-73.876236,40.735655],[-73.875429,40.735106],[-73.874412,40.734679],[-73.869229,40.733106],[-73.865257,40.731187],[-73.854378,40.727216],[-73.852538,40.726443],[-73.851228,40.725699],[-73.849372,40.724151],[-73.848187,40.723371],[-73.840875,40.72007],[-73.835753,40.717531],[-73.831008,40.714441],[-73.827871,40.712918],[-73.821887,40.710588],[-73.820963,40.709823],[-73.818196,40.705321],[-73.817333,40.704603],[-73.816571,40.704306],[-73.815403,40.704229],[-73.814414,40.704413],[-73.795329,40.709836],[-73.789961,40.711762],[-73.786003,40.712164],[-73.783817,40.712646]]}},{"type":"Feature","properties":{"route":"F"},"geometry":{"type":"LineString","coordinates":[[-73.979678,40.644041],[-73.979985,40.645822],[-73.979936,40.6464],[-73.979733,40.646907],[-73.978865,40.647706],[-73.977113,40.648437],[-73.976613,40.648766],[-73.97604,40.649525],[-73.975814,40.65032],[-73.975911,40.652057],[-73.976464,40.655008],[-73.976664,40.655517],[-73.977203,40.656084],[-73.979912,40.657695],[-73.980281,40.658066],[-73.98044,40.658475],[-73.980342,40.659039],[-73.97976,40.660002],[-73.977094,40.663364],[-73.976928,40.66382],[-73.977043,40.664383],[-73.977382,40.664771],[-73.977941,40.66513],[-73.985354,40.668766],[-73.988253,40.669548],[-73.99324,40.671959],[-73.996391,40.673906],[-73.997146,40.674622],[-73.997451,40.675379],[-73.997287,40.676302],[-73.995775,40.679303],[-73.993851,40.681727],[-73.987738,40.690701],[-73.987423,40.691336],[-73.986604,40.704836],[-73.986813,40.705803],[-73.987234,40.706752],[-73.988899,40.709071],[-73.989518,40.710288],[-73.989866,40.711503],[-73.99019,40.714055],[-73.989953,40.715055],[-73.986848,40.721101],[-73.986752,40.721881],[-73.987058,40.722365],[-73.987704,40.722723],[-73.997568,40.725792],[-74.002126,40.728032],[-74.002428,40.728328],[-74.002535,40.728702],[-74.002395,40.729279],[-74.001312,40.731216],[-73.979701,40.760893],[-73.979152,40.761297],[-73.978299,40.761338],[-73.976697,40.760789],[-73.96263,40.754839],[-73.961729,40.754329],[-73.957251,40.751182],[-73.954279,40.749664],[-73.952344,40.749075],[-73.943063,40.747287],[-73.941678,40.747385],[-73.936963,40.749083],[-73.936442,40.749408],[-73.934331,40.751258],[-73.933451,40.75168],[-73.932452,40.751924],[-73.925796,40.752132],[-73.918511,40.753697],[-73.91716,40.753847],[-73.915542,40.753755],[-73.911187,40.753044],[-73.907767,40.753228],[-73.906278,40.752988],[-73.885104,40.743987],[-73.881662,40.742256],[-73.87906,40.740326],[-73.876834,40.736327],[-73.876236,40.735655],[-73.875429,40.735106],[-73.874412,40.734679],[-73.869229,40.733106],[-73.865257,40.731187],[-73.854378,40.727216],[-73.852538,40.726443],[-73.851228,40.725699],[-73.849372,40.724151],[-73.848187,40.723371],[-73.840875,40.72007],[-73.835753,40.717531],[-73.831008,40.714441],[-73.827871,40.712918],[-73.821887,40.710588],[-73.820963,40.709823],[-73.818196,40.705321],[-73.817333,40.704603],[-73.816571,40.704306],[-73.815403,40.704229],[-73.814414,40.704413],[-73.795329,40.709836],[-73.789961,40.711762],[-73.786003,40.712164],[-73.783817,40.712646]]}},{"type":"Feature","properties":{"route":"S"},"geometry":{"type":"LineString","coordinates":[[-73.955827,40.680596],[-73.955943,40.679434],[-73.961509,40.664126],[-73.9621,40.662811],[-73.962246,40.661614]]}},{"type":"Feature","properties":{"route":"G"},"geometry":{"type":"LineString","coordinates":[[-73.943832,40.746554],[-73.948632,40.744608],[-73.953914,40.741832],[-73.954559,40.741268],[-73.955098,40.74042],[-73.95528,40.739836],[-73.955437,40.738343],[-73.955369,40.736961],[-73.954358,40.730802],[-73.954073,40.729724],[-73.949934,40.722118],[-73.949949,40.721686],[-73.950134,40.721262],[-73.951944,40.719343],[-73.952221,40.718834],[-73.952301,40.7183],[-73.950234,40.705639],[-73.950263,40.700583],[-73.948411,40.691533],[-73.948427,40.691081],[-73.948602,40.690703],[-73.949079,40.690311],[-73.949836,40.690051],[-73.979124,40.686721],[-73.98003,40.686779],[-73.980996,40.687036],[-73.987376,40.689409],[-73.988213,40.689458],[-73.988607,40.689272],[-73.988937,40.688929],[-73.994001,40.681511],[-73.995532,40.679676],[-73.996182,40.678593],[-73.997359,40.676122],[-73.997438,40.675288],[-73.997022,40.674474],[-73.99573,40.673418],[-73.993354,40.672023],[-73.988253,40.669548],[-73.985354,40.668766],[-73.977941,40.66513],[-73.977382,40.664771],[-73.977043,40.664383],[-73.976928,40.66382],[-73.977094,40.663364],[-73.97976,40.660002],[-73.980342,40.659039],[-73.98044,40.658475],[-73.980281,40.658066],[-73.979912,40.657695],[-73.977203,40.656084],[-73.976664,40.655517],[-73.976464,40.655008],[-73.975911,40.652057],[-73.975814,40.65032],[-73.97604,40.649525],[-73.976613,40.648766],[-73.977113,40.648437],[-73.978865,40.647706],[-73.979733,40.646907],[-73.979936,40.6464],[-73.979985,40.645822],[-73.979678,40.644041]]}},{"type":"Feature","properties":{"route":"S"},"geometry":{"type":"LineString","coordinates":[[-73.815925,40.608382],[-73.809421,40.593127],[-73.809254,40.59244],[-73.809269,40.591756],[-73.809464,40.591079],[-73.809841,40.590407],[-73.810697,40.589474],[-73.811874,40.588745],[-73.82133,40.585014],[-73.835592,40.580903]]}},{"type":"Feature","properties":{"route":"L"},"geometry":{"type":"LineString","coordinates":[[-73.90185,40.646654],[-73.898278,40.652568],[-73.898033,40.653217],[-73.898006,40.653899],[-73.903283,40.674137],[-73.903297,40.674572],[-73.902874,40.676227],[-73.902859,40.677614],[-73.903846,40.680764],[-73.905377,40.683067],[-73.905651,40.683801],[-73.905764,40.684707],[-73.905488,40.686422],[-73.905021,40.687564],[-73.900993,40.692234],[-73.900819,40.693012],[-73.900937,40.693431],[-73.901221,40.693816],[-73.90293,40.694949],[-73.915479,40.70198],[-73.924248,40.707357],[-73.92523,40.707436],[-73.933579,40.706084],[-73.935496,40.706001],[-73.938143,40.705505],[-73.939053,40.705604],[-73.939358,40.705833],[-73.939608,40.706324],[-73.940527,40.711577],[-73.941928,40.714429],[-73.942131,40.714632],[-73.942584,40.7147],[-73.949478,40.714068],[-73.951222,40.714068],[-73.951872,40.714221],[-73.972924,40.727259],[-74.002578,40.739777]]}},{"type":"Feature","properties":{"route":"L"},"geometry":{"type":"LineString","coordinates":[[-73.899485,40.650573],[-73.898172,40.652781],[-73.898,40.65344],[-73.898023,40.654016],[-73.903283,40.674137],[-73.903297,40.674572],[-73.902874,40.676227],[-73.902859,40.677614],[-73.903846,40.680764],[-73.905377,40.683067],[-73.905651,40.683801],[-73.905762,40.684573],[-73.905533,40.686248],[-73.905021,40.687564],[-73.900993,40.692234],[-73.90084,40.693155],[-73.901353,40.693937],[-73.90293,40.694949],[-73.915479,40.70198],[-73.924248,40.707357],[-73.92523,40.707436],[-73.933579,40.706084],[-73.935496,40.706001],[-73.938143,40.705505],[-73.939053,40.705604],[-73.939358,40.705833],[-73.939608,40.706324],[-73.940527,40.711577],[-73.941928,40.714429],[-73.942131,40.714632],[-73.942584,40.7147],[-73.949478,40.714068],[-73.951222,40.714068],[-73.951872,40.714221],[-73.972924,40.727259],[-74.002578,40.739777]]}},{"type":"Feature","properties":{"route":"L"},"geometry":{"type":"LineString","coordinates":[[-74.002578,40.739777],[-73.972924,40.727259],[-73.951872,40.714221],[-73.951222,40.714068],[-73.949478,40.714068],[-73.942584,40.7147],[-73.942131,40.714632],[-73.941928,40.714429],[-73.940527,40.711577],[-73.939608,40.706324],[-73.939358,40.705833],[-73.939053,40.705604],[-73.938143,40.705505],[-73.935496,40.706001],[-73.933579,40.706084],[-73.92523,40.707436],[-73.924439,40.707409],[-73.923782,40.70715],[-73.915479,40.70198],[-73.911586,40.699814]]}},{"type":"Feature","properties":{"route":"M"},"geometry":{"type":"LineString","coordinates":[[-73.935657,40.697207],[-73.934679,40.696654],[-73.934162,40.696538],[-73.933853,40.696649],[-73.933375,40.697113],[-73.933022,40.697229],[-73.911213,40.699565],[-73.910743,40.699825],[-73.907228,40.703255],[-73.906834,40.703495],[-73.89267,40.707067],[-73.892109,40.707479],[-73.890271,40.709493],[-73.889601,40.711396]]}},{"type":"Feature","properties":{"route":"M"},"geometry":{"type":"LineString","coordinates":[[-73.889601,40.711396],[-73.890271,40.709493],[-73.892109,40.707479],[-73.89267,40.707067],[-73.906876,40.703478],[-73.910743,40.699825],[-73.911165,40.69958],[-73.933022,40.697229],[-73.933401,40.697097],[-73.9339,40.696619],[-73.93428,40.696538],[-73.934679,40.696654],[-73.951543,40.706172],[-73.959236,40.708871],[-73.96108,40.710213],[-73.984487,40.717319],[-73.987437,40.718315]]}},{"type":"Feature","properties":{"route":"M"},"geometry":{"type":"LineString","coordinates":[[-73.844521,40.721691],[-73.848187,40.723371],[-73.849372,40.724151],[-73.851377,40.7258],[-73.85321,40.72674],[-73.865257,40.731187],[-73.869229,40.733106],[-73.875194,40.734988],[-73.876054,40.735507],[-73.876705,40.736148],[-73.878649,40.739739],[-73.879117,40.740389],[-73.880977,40.741822],[-73.882218,40.742569],[-73.885104,40.743987],[-73.906786,40.753221],[-73.917638,40.758356],[-73.918765,40.75851],[-73.919713,40.758107],[-73.923848,40.752918],[-73.92456,40.752411],[-73.926339,40.752083],[-73.932452,40.751924],[-73.933682,40.751591],[-73.935111,40.750806],[-73.935975,40.750697],[-73.936548,40.750871],[-73.947738,40.756703],[-73.957506,40.761003],[-73.97133,40.766827],[-73.972394,40.767201],[-73.973359,40.767352],[-73.974222,40.76728],[-73.97474,40.767106],[-73.975637,40.766457],[-74.001312,40.731216],[-74.002515,40.728918],[-74.002473,40.728414],[-74.002126,40.728032],[-73.997938,40.725961],[-73.996641,40.725437],[-73.99255,40.724185],[-73.992011,40.723875],[-73.991767,40.723546],[-73.991687,40.723147],[-73.992021,40.720493],[-73.991715,40.719862],[-73.99122,40.719498],[-73.984487,40.717319],[-73.96108,40.710213],[-73.959236,40.708871],[-73.951543,40.706172],[-73.934342,40.696546],[-73.933949,40.696593],[-73.933401,40.697097],[-73.933022,40.697229],[-73.911165,40.69958],[-73.910743,40.699825],[-73.906876,40.703478],[-73.89267,40.707067],[-73.892109,40.707479],[-73.890271,40.709493],[-73.889601,40.711396]]}},{"type":"Feature","properties":{"route":"N"},"geometry":{"type":"LineString","coordinates":[[-73.912034,40.775036],[-73.920542,40.767889],[-73.933601,40.751841],[-73.934871,40.750874],[-73.936459,40.749415],[-73.937018,40.749172],[-73.937515,40.749245],[-73.938774,40.749956],[-73.941087,40.750963],[-73.942041,40.751632],[-73.959131,40.75923],[-73.972347,40.764799],[-73.974097,40.764787],[-73.978379,40.766577],[-73.978846,40.766643],[-73.979239,40.766507],[-73.985298,40.75828],[-73.986154,40.756569],[-73.98751,40.752127],[-73.989116,40.743221],[-73.989512,40.740195],[-73.991505,40.731693],[-74.001483,40.719858],[-74.001622,40.719519],[-74.001544,40.719218],[-74.00046,40.718383],[-74.001544,40.719218],[-74.001622,40.719519],[-74.001429,40.71993],[-74.008353,40.711676],[-74.008937,40.7115],[-74.009965,40.711773],[-74.01042,40.711587],[-74.013205,40.7074],[-74.014028,40.706406],[-74.013992,40.706007],[-74.013358,40.705072],[-74.013114,40.703592],[-74.012581,40.701582],[-74.012187,40.700997],[-74.011669,40.700612],[-74.01011,40.699942],[-73.998895,40.696088],[-73.990602,40.693768],[-73.99001,40.693389],[-73.989463,40.692621],[-73.98897,40.692367],[-73.982784,40.691988],[-73.982337,40.691624],[-73.980954,40.689031],[-73.978747,40.688036],[-73.978323,40.687545],[-73.97798,40.685237],[-73.978169,40.684641],[-73.983975,40.67605],[-73.992521,40.665792],[-74.020704,40.63865],[-74.020944,40.638235],[-74.02061,40.637783],[-74.019716,40.637339],[-74.01198,40.63517],[-74.008839,40.633502],[-73.998255,40.627076],[-73.997273,40.626152],[-73.995945,40.624246],[-73.995414,40.623709],[-73.984597,40.617146],[-73.983703,40.616418],[-73.983015,40.615584],[-73.982547,40.614663],[-73.982195,40.613511],[-73.977999,40.591296],[-73.97819,40.589744],[-73.979992,40.583922],[-73.981437,40.580704],[-73.981414,40.578429],[-73.981233,40.577422]]}},{"type":"Feature","properties":{"route":"N"},"geometry":{"type":"LineString","coordinates":[[-73.981233,40.577422],[-73.981414,40.578429],[-73.981437,40.580704],[-73.979992,40.583922],[-73.97819,40.589744],[-73.977999,40.591296],[-73.982195,40.613511],[-73.982547,40.614663],[-73.983015,40.615584],[-73.983703,40.616418],[-73.984597,40.617146],[-73.995414,40.623709],[-73.995945,40.624246],[-73.997273,40.626152],[-73.998255,40.627076],[-74.008839,40.633502],[-74.01198,40.63517],[-74.019716,40.637339],[-74.02061,40.637783],[-74.020944,40.638235],[-74.020704,40.63865],[-73.992521,40.665792],[-73.983975,40.67605],[-73.978169,40.684641],[-73.97798,40.685237],[-73.978323,40.687545],[-73.978747,40.688036],[-73.980954,40.689031],[-73.982337,40.691624],[-73.982784,40.691988],[-73.98897,40.692367],[-73.989463,40.692621],[-73.99001,40.693389],[-73.990602,40.693768],[-73.998895,40.696088],[-74.01011,40.699942],[-74.011669,40.700612],[-74.012187,40.700997],[-74.012581,40.701582],[-74.013114,40.703592],[-74.013358,40.705072],[-74.013992,40.706007],[-74.014028,40.706406],[-74.013205,40.7074],[-74.01042,40.711587],[-74.009965,40.711773],[-74.008937,40.7115],[-74.008353,40.711676],[-74.001429,40.71993],[-74.001622,40.719519],[-74.001544,40.719218],[-74.00046,40.718383],[-74.001544,40.719218],[-74.001622,40.719519],[-74.001483,40.719858],[-73.991505,40.731693],[-73.989512,40.740195],[-73.989116,40.743221],[-73.98751,40.752127],[-73.986154,40.756569],[-73.985298,40.75828],[-73.979239,40.766507],[-73.978846,40.766643],[-73.978379,40.766577],[-73.974097,40.764787],[-73.972347,40.764799],[-73.959131,40.75923],[-73.942041,40.751632],[-73.941087,40.750963],[-73.938774,40.749956],[-73.937515,40.749245],[-73.937018,40.749172],[-73.936459,40.749415],[-73.934871,40.750874],[-73.933601,40.751841],[-73.920542,40.767889],[-73.912034,40.775036]]}},{"type":"Feature","properties":{"route":"N"},"geometry":{"type":"LineString","coordinates":[[-73.981233,40.577422],[-73.981414,40.578429],[-73.981437,40.580704],[-73.979992,40.583922],[-73.97819,40.589744],[-73.977999,40.591296],[-73.982195,40.613511],[-73.982547,40.614663],[-73.983015,40.615584],[-73.983703,40.616418],[-73.984597,40.617146],[-73.995414,40.623709],[-73.995945,40.624246],[-73.997273,40.626152],[-73.998255,40.627076],[-74.008839,40.633502],[-74.01198,40.63517],[-74.019604,40.637301],[-74.020539,40.637733],[-74.020943,40.638189],[-74.020704,40.63865],[-73.992675,40.66562],[-73.983934,40.676104],[-73.978003,40.685024],[-73.97838,40.687686],[-73.978805,40.688068],[-73.980678,40.688827],[-73.981117,40.689232],[-73.985484,40.69777],[-73.995141,40.715108],[-73.996287,40.716268],[-73.99846,40.717062],[-73.999149,40.717433],[-74.001452,40.719108],[-74.001601,40.719334],[-74.001592,40.71965],[-73.99146,40.731779],[-73.989512,40.740195],[-73.989116,40.743221],[-73.98751,40.752127],[-73.986154,40.756569],[-73.985298,40.75828],[-73.979239,40.766507],[-73.978846,40.766643],[-73.978379,40.766577],[-73.974097,40.764787],[-73.972347,40.764799],[-73.959131,40.75923],[-73.942041,40.751632],[-73.941087,40.750963],[-73.938774,40.749956],[-73.937515,40.749245],[-73.937018,40.749172],[-73.936459,40.749415],[-73.934871,40.750874],[-73.933601,40.751841],[-73.920542,40.767889],[-73.912034,40.775036]]}},{"type":"Feature","properties":{"route":"N"},"geometry":{"type":"LineString","coordinates":[[-73.912034,40.775036],[-73.920542,40.767889],[-73.933601,40.751841],[-73.934871,40.750874],[-73.936459,40.749415],[-73.937018,40.749172],[-73.937515,40.749245],[-73.938774,40.749956],[-73.941087,40.750963],[-73.942041,40.751632],[-73.959131,40.75923],[-73.972347,40.764799],[-73.974097,40.764787],[-73.978379,40.766577],[-73.978846,40.766643],[-73.979239,40.766507],[-73.985298,40.75828],[-73.986154,40.756569],[-73.98751,40.752127],[-73.989116,40.743221],[-73.989512,40.740195],[-73.99146,40.731779],[-74.001592,40.71965],[-74.001601,40.719334],[-74.001452,40.719108],[-73.999149,40.717433],[-73.99846,40.717062],[-73.996287,40.716268],[-73.995141,40.715108],[-73.985484,40.69777],[-73.981117,40.689232],[-73.980678,40.688827],[-73.978805,40.688068],[-73.97838,40.687686],[-73.978003,40.685024],[-73.983934,40.676104],[-73.992675,40.66562],[-74.020704,40.63865],[-74.020943,40.638189],[-74.020539,40.637733],[-74.019604,40.637301],[-74.01198,40.63517],[-74.008839,40.633502],[-73.998255,40.627076],[-73.997273,40.626152],[-73.995945,40.624246],[-73.995414,40.623709],[-73.984597,40.617146],[-73.983703,40.616418],[-73.983015,40.615584],[-73.982547,40.614663],[-73.982195,40.613511],[-73.977999,40.591296],[-73.97819,40.589744],[-73.979992,40.583922],[-73.981437,40.580704],[-73.981414,40.578429],[-73.981233,40.577422]]}},{"type":"Feature","properties":{"route":"N"},"geometry":{"type":"LineString","coordinates":[[-73.97823,40.592721],[-73.982195,40.613511],[-73.982758,40.61514],[-73.983592,40.616305],[-73.984597,40.617146],[-73.99535,40.623661],[-73.995945,40.624246],[-73.997378,40.626274],[-73.99837,40.627155],[-74.008933,40.633558],[-74.01198,40.63517],[-74.019604,40.637301],[-74.020465,40.637684],[-74.020936,40.638145],[-74.020704,40.63865],[-73.992675,40.66562],[-73.983934,40.676104],[-73.978003,40.685024],[-73.97838,40.687686],[-73.978805,40.688068],[-73.980678,40.688827],[-73.981117,40.689232],[-73.985484,40.69777],[-73.995141,40.715108],[-73.996287,40.716268],[-73.99846,40.717062],[-73.999149,40.717433],[-74.001452,40.719108],[-74.001601,40.719334],[-74.001592,40.71965],[-73.99146,40.731779],[-73.989512,40.740195],[-73.989116,40.743221],[-73.98751,40.752127],[-73.986154,40.756569],[-73.985298,40.75828],[-73.979239,40.766507],[-73.978846,40.766643],[-73.978379,40.766577],[-73.974097,40.764787],[-73.972347,40.764799],[-73.959131,40.75923],[-73.942041,40.751632],[-73.941087,40.750963],[-73.938774,40.749956],[-73.937515,40.749245],[-73.937018,40.749172],[-73.936459,40.749415],[-73.934871,40.750874],[-73.933601,40.751841],[-73.920542,40.767889],[-73.912034,40.775036]]}},{"type":"Feature","properties":{"route":"W"},"geometry":{"type":"LineString","coordinates":[[-73.912034,40.775036],[-73.920542,40.767889],[-73.933601,40.751841],[-73.934871,40.750874],[-73.936459,40.749415],[-73.937018,40.749172],[-73.937515,40.749245],[-73.938774,40.749956],[-73.941087,40.750963],[-73.942041,40.751632],[-73.959131,40.75923],[-73.972347,40.764799],[-73.974097,40.764787],[-73.978379,40.766577],[-73.978846,40.766643],[-73.979239,40.766507],[-73.985298,40.75828],[-73.986154,40.756569],[-73.98751,40.752127],[-73.989116,40.743221],[-73.989512,40.740195],[-73.991482,40.731736],[-74.008353,40.711676],[-74.008937,40.7115],[-74.010032,40.71177],[-74.010465,40.711537],[-74.013205,40.7074],[-74.014028,40.706406],[-74.013992,40.706007],[-74.013371,40.705114],[-74.012994,40.703087]]}},{"type":"Feature","properties":{"route":"W"},"geometry":{"type":"LineString","coordinates":[[-73.97823,40.592721],[-73.982195,40.613511],[-73.982703,40.615027],[-73.983485,40.616191],[-73.984597,40.617146],[-73.99535,40.623661],[-73.995945,40.624246],[-73.997378,40.626274],[-73.99837,40.627155],[-74.008933,40.633558],[-74.01198,40.63517],[-74.019716,40.637339],[-74.02061,40.637783],[-74.020944,40.638235],[-74.020704,40.63865],[-73.992521,40.665792],[-73.983975,40.67605],[-73.978169,40.684641],[-73.97798,40.685237],[-73.978338,40.687594],[-73.978805,40.688068],[-73.980545,40.68876],[-73.980954,40.689031],[-73.982337,40.691624],[-73.982784,40.691988],[-73.98897,40.692367],[-73.989463,40.692621],[-73.99001,40.693389],[-73.990602,40.693768],[-73.998895,40.696088],[-74.01011,40.699942],[-74.011544,40.700546],[-74.012187,40.700997],[-74.012581,40.701582],[-74.013114,40.703592],[-74.013358,40.705072],[-74.013992,40.706007],[-74.014028,40.706406],[-74.013205,40.7074],[-74.010465,40.711537],[-74.010032,40.71177],[-74.008937,40.7115],[-74.008353,40.711676],[-73.991505,40.731693],[-73.989512,40.740195],[-73.989116,40.743221],[-73.98751,40.752127],[-73.986154,40.756569],[-73.985298,40.75828],[-73.979239,40.766507],[-73.978846,40.766643],[-73.978379,40.766577],[-73.974097,40.764787],[-73.972347,40.764799],[-73.959131,40.75923],[-73.942041,40.751632],[-73.941087,40.750963],[-73.938774,40.749956],[-73.937515,40.749245],[-73.937018,40.749172],[-73.936459,40.749415],[-73.934871,40.750874],[-73.933601,40.751841],[-73.920542,40.767889],[-73.912034,40.775036]]}},{"type":"Feature","properties":{"route":"N"},"geometry":{"type":"LineString","coordinates":[[-73.981233,40.577422],[-73.981414,40.578429],[-73.981437,40.580704],[-73.979992,40.583922],[-73.97819,40.589744],[-73.977999,40.591296],[-73.982195,40.613511],[-73.982547,40.614663],[-73.983015,40.615584],[-73.983703,40.616418],[-73.984597,40.617146],[-73.995414,40.623709],[-73.995945,40.624246],[-73.997273,40.626152],[-73.998255,40.627076],[-74.008839,40.633502],[-74.012254,40.63527],[-74.019929,40.637418],[-74.020737,40.637886],[-74.020938,40.638283],[-74.020704,40.63865],[-73.992675,40.66562],[-73.983934,40.676104],[-73.978026,40.684939],[-73.97798,40.685237],[-73.97838,40.687686],[-73.978805,40.688068],[-73.980678,40.688827],[-73.981117,40.689232],[-73.985484,40.69777],[-73.995171,40.715152],[-73.996194,40.71621],[-73.998974,40.71732],[-74.001393,40.719055],[-74.001623,40.719456],[-74.001429,40.71993],[-73.99144,40.731822],[-73.989512,40.740195],[-73.989116,40.743221],[-73.987493,40.752204],[-73.986201,40.75643],[-73.985775,40.757477],[-73.984139,40.759901],[-73.978177,40.768045],[-73.977592,40.768649],[-73.976909,40.769],[-73.976128,40.769101],[-73.974934,40.768843],[-73.971394,40.766856],[-73.964301,40.763888],[-73.963123,40.76374],[-73.962496,40.763869],[-73.96193,40.764162],[-73.961424,40.76462],[-73.947656,40.783471]]}},{"type":"Feature","properties":{"route":"W"},"geometry":{"type":"LineString","coordinates":[[-73.912034,40.775036],[-73.920542,40.767889],[-73.933601,40.751841],[-73.934871,40.750874],[-73.936459,40.749415],[-73.937018,40.749172],[-73.937515,40.749245],[-73.938774,40.749956],[-73.941087,40.750963],[-73.942041,40.751632],[-73.959131,40.75923],[-73.972347,40.764799],[-73.974097,40.764787],[-73.978379,40.766577],[-73.978846,40.766643],[-73.979239,40.766507],[-73.985298,40.75828],[-73.986154,40.756569],[-73.98751,40.752127],[-73.989116,40.743221],[-73.989512,40.740195],[-73.991505,40.731693],[-74.001483,40.719858],[-74.001622,40.719519],[-74.001544,40.719218],[-74.00046,40.718383],[-74.001775,40.719527],[-74.008353,40.711676],[-74.008937,40.7115],[-74.009965,40.711773],[-74.01042,40.711587],[-74.013205,40.7074],[-74.014005,40.706459],[-74.013992,40.706007],[-74.013358,40.705072],[-74.013114,40.703592],[-74.012581,40.701582],[-74.012187,40.700997],[-74.011669,40.700612],[-74.01011,40.699942],[-73.998895,40.696088],[-73.990602,40.693768],[-73.99001,40.693389],[-73.989463,40.692621],[-73.98897,40.692367],[-73.982784,40.691988],[-73.982337,40.691624],[-73.980954,40.689031],[-73.978747,40.688036],[-73.978312,40.687496],[-73.97798,40.685237],[-73.978075,40.684811],[-73.984102,40.675887],[-73.992675,40.66562],[-74.005194,40.653563],[-74.00539,40.653181],[-74.005152,40.652741],[-73.993237,40.645636],[-73.992816,40.645105],[-73.992967,40.644565],[-73.994046,40.643555],[-73.994237,40.643213],[-73.994352,40.639712],[-73.99539,40.631779],[-74.001843,40.608941],[-74.001634,40.60709],[-74.001258,40.606458],[-73.993728,40.601875]]}},{"type":"Feature","properties":{"route":"N"},"geometry":{"type":"LineString","coordinates":[[-73.947656,40.783471],[-73.961424,40.76462],[-73.96193,40.764162],[-73.962496,40.763869],[-73.963123,40.76374],[-73.964301,40.763888],[-73.971394,40.766856],[-73.974934,40.768843],[-73.976128,40.769101],[-73.976909,40.769],[-73.977592,40.768649],[-73.978177,40.768045],[-73.984139,40.759901],[-73.985775,40.757477],[-73.986201,40.75643],[-73.987493,40.752204],[-73.989116,40.743221],[-73.989512,40.740195],[-73.99144,40.731822],[-74.001429,40.71993],[-74.001623,40.719456],[-74.001393,40.719055],[-73.998974,40.71732],[-73.996194,40.71621],[-73.995171,40.715152],[-73.985484,40.69777],[-73.981117,40.689232],[-73.980678,40.688827],[-73.978805,40.688068],[-73.97838,40.687686],[-73.97798,40.685237],[-73.978026,40.684939],[-73.983934,40.676104],[-73.992675,40.66562],[-74.020704,40.63865],[-74.020938,40.638283],[-74.020737,40.637886],[-74.019929,40.637418],[-74.012254,40.63527],[-74.008839,40.633502],[-73.998255,40.627076],[-73.997273,40.626152],[-73.995945,40.624246],[-73.995414,40.623709],[-73.984597,40.617146],[-73.983703,40.616418],[-73.983015,40.615584],[-73.982547,40.614663],[-73.982195,40.613511],[-73.977999,40.591296],[-73.97819,40.589744],[-73.979992,40.583922],[-73.981437,40.580704],[-73.981414,40.578429],[-73.981233,40.577422]]}},{"type":"Feature","properties":{"route":"Q"},"geometry":{"type":"LineString","coordinates":[[-73.947656,40.783471],[-73.961424,40.76462],[-73.962301,40.763949],[-73.963345,40.763733],[-73.964558,40.763973],[-73.971394,40.766856],[-73.974272,40.768546],[-73.975249,40.768949],[-73.976128,40.769101],[-73.97666,40.769062],[-73.977375,40.768794],[-73.977993,40.768274],[-73.985298,40.75828],[-73.986106,40.756705],[-73.98751,40.752127],[-73.989116,40.743221],[-73.989512,40.740195],[-73.99146,40.731779],[-74.001429,40.71993],[-74.001622,40.719519],[-74.001393,40.719055],[-73.999092,40.717394],[-73.996287,40.716268],[-73.995141,40.715108],[-73.985484,40.69777],[-73.981117,40.689232],[-73.980613,40.688792],[-73.977812,40.687656],[-73.977522,40.687437],[-73.976675,40.683264],[-73.976398,40.682608],[-73.96282,40.663705],[-73.962408,40.662642],[-73.961394,40.656798],[-73.961495,40.655292],[-73.964421,40.645866],[-73.964544,40.644407],[-73.954319,40.590785],[-73.954052,40.58861],[-73.954225,40.586216],[-73.95467,40.585198],[-73.959607,40.578268],[-73.960148,40.577894],[-73.96744,40.576358],[-73.9686,40.576315],[-73.97367,40.576739],[-73.976818,40.57586],[-73.977603,40.575754],[-73.980689,40.576199],[-73.981047,40.576518],[-73.981233,40.577422]]}},{"type":"Feature","properties":{"route":"Q"},"geometry":{"type":"LineString","coordinates":[[-73.947656,40.783471],[-73.961424,40.76462],[-73.962301,40.763949],[-73.963345,40.763733],[-73.964558,40.763973],[-73.971394,40.766856],[-73.974272,40.768546],[-73.975249,40.768949],[-73.976128,40.769101],[-73.97666,40.769062],[-73.977375,40.768794],[-73.977993,40.768274],[-73.985298,40.75828],[-73.986106,40.756705],[-73.98751,40.752127],[-73.989116,40.743221],[-73.989512,40.740195],[-73.99146,40.731779],[-74.001429,40.71993],[-74.001622,40.719519],[-74.001393,40.719055],[-73.999092,40.717394],[-73.996287,40.716268],[-73.995141,40.715108],[-73.985484,40.69777],[-73.981117,40.689232],[-73.980613,40.688792],[-73.977812,40.687656],[-73.977522,40.687437],[-73.976675,40.683264],[-73.976398,40.682608],[-73.96282,40.663705],[-73.962408,40.662642],[-73.961394,40.656798],[-73.961495,40.655292],[-73.964421,40.645866],[-73.964544,40.644407],[-73.954319,40.590785],[-73.954052,40.58861],[-73.954225,40.586216],[-73.95467,40.585198],[-73.959607,40.578268],[-73.960148,40.577894],[-73.96744,40.576358],[-73.9686,40.576315],[-73.97367,40.576739],[-73.976818,40.57586],[-73.977603,40.575754],[-73.980689,40.576199],[-73.981047,40.576518],[-73.981233,40.577422]]}},{"type":"Feature","properties":{"route":"Q"},"geometry":{"type":"LineString","coordinates":[[-73.947656,40.783471],[-73.961424,40.76462],[-73.962301,40.763949],[-73.963345,40.763733],[-73.964558,40.763973],[-73.971394,40.766856],[-73.974272,40.768546],[-73.975249,40.768949],[-73.976128,40.769101],[-73.97666,40.769062],[-73.977375,40.768794],[-73.977993,40.768274],[-73.985298,40.75828],[-73.986106,40.756705],[-73.98751,40.752127],[-73.989116,40.743221],[-73.989512,40.740195],[-73.99146,40.731779],[-74.001429,40.71993],[-74.001622,40.719519],[-74.001393,40.719055],[-73.999092,40.717394],[-73.996287,40.716268],[-73.995202,40.715197],[-73.985484,40.69777],[-73.981117,40.689232],[-73.980613,40.688792],[-73.977812,40.687656],[-73.977495,40.687399],[-73.976675,40.683264],[-73.976398,40.682608],[-73.962927,40.663876],[-73.962475,40.662913],[-73.961394,40.656798],[-73.961393,40.655851],[-73.964421,40.645866],[-73.96453,40.644282],[-73.954319,40.590785],[-73.954052,40.58861],[-73.954201,40.586329],[-73.95467,40.585198],[-73.959681,40.57818],[-73.960148,40.577894],[-73.961376,40.577621]]}},{"type":"Feature","properties":{"route":"R"},"geometry":{"type":"LineString","coordinates":[[-74.012994,40.703087],[-74.012622,40.701693],[-74.01227,40.701086],[-74.011669,40.700612],[-74.01011,40.699942],[-73.998636,40.696005],[-73.990602,40.693768],[-73.99001,40.693389],[-73.989463,40.692621],[-73.98897,40.692367],[-73.983226,40.692077],[-73.982642,40.691922],[-73.982337,40.691624],[-73.980954,40.689031],[-73.980545,40.68876],[-73.978805,40.688068],[-73.978406,40.68773],[-73.978003,40.685024],[-73.983934,40.676104],[-73.992675,40.66562],[-74.022507,40.636889],[-74.030876,40.616622]]}},{"type":"Feature","properties":{"route":"R"},"geometry":{"type":"LineString","coordinates":[[-73.844521,40.721691],[-73.848187,40.723371],[-73.849372,40.724151],[-73.851377,40.7258],[-73.85321,40.72674],[-73.865257,40.731187],[-73.869229,40.733106],[-73.875194,40.734988],[-73.876054,40.735507],[-73.876705,40.736148],[-73.878649,40.739739],[-73.879117,40.740389],[-73.880977,40.741822],[-73.882218,40.742569],[-73.885104,40.743987],[-73.906786,40.753221],[-73.917638,40.758356],[-73.918765,40.75851],[-73.919713,40.758107],[-73.923848,40.752918],[-73.924467,40.752452],[-73.92612,40.752098],[-73.931908,40.751979],[-73.933212,40.751758],[-73.934913,40.750826],[-73.936897,40.749114],[-73.93978,40.748061],[-73.94075,40.747977],[-73.941681,40.74836],[-73.942975,40.749688],[-73.943167,40.750146],[-73.943209,40.75168],[-73.943557,40.752184],[-73.944152,40.752553],[-73.959131,40.75923],[-73.972347,40.764799],[-73.974121,40.764793],[-73.978379,40.766577],[-73.978759,40.766646],[-73.979166,40.76655],[-73.979499,40.766254],[-73.985298,40.75828],[-73.986106,40.756705],[-73.98751,40.752127],[-73.989116,40.743221],[-73.989512,40.740195],[-73.991505,40.731693],[-74.008353,40.711676],[-74.008937,40.7115],[-74.010032,40.71177],[-74.010465,40.711537],[-74.013205,40.7074],[-74.013975,40.706511],[-74.014055,40.706241],[-74.013371,40.705114],[-74.013114,40.703592],[-74.012581,40.701582],[-74.012187,40.700997],[-74.011412,40.700483],[-73.998895,40.696088],[-73.990602,40.693768],[-73.99001,40.693389],[-73.989463,40.692621],[-73.98897,40.692367],[-73.983226,40.692077],[-73.982642,40.691922],[-73.982337,40.691624],[-73.980954,40.689031],[-73.980545,40.68876],[-73.978805,40.688068],[-73.978406,40.68773],[-73.97798,40.685237],[-73.97804,40.684897],[-73.983934,40.676104],[-73.992675,40.66562],[-74.022507,40.636889],[-74.030876,40.616622]]}},{"type":"Feature","properties":{"route":"R"},"geometry":{"type":"LineString","coordinates":[[-74.030876,40.616622],[-74.022507,40.636889],[-73.992675,40.66562],[-73.983934,40.676104],[-73.978026,40.684939],[-73.97798,40.685237],[-73.978406,40.68773],[-73.978805,40.688068],[-73.980545,40.68876],[-73.980954,40.689031],[-73.982337,40.691624],[-73.982642,40.691922],[-73.983226,40.692077],[-73.98897,40.692367],[-73.989463,40.692621],[-73.99001,40.693389],[-73.990602,40.693768],[-73.998895,40.696088],[-74.011412,40.700483],[-74.012097,40.700913],[-74.012532,40.701476],[-74.013114,40.703592],[-74.013371,40.705114],[-74.01405,40.706184],[-74.013975,40.706511],[-74.013205,40.7074],[-74.01042,40.711587],[-74.009965,40.711773],[-74.008937,40.7115],[-74.008353,40.711676],[-74.001429,40.71993],[-74.001622,40.719519],[-74.001544,40.719218],[-74.00046,40.718383],[-73.997702,40.724329],[-73.991505,40.731693],[-73.989512,40.740195],[-73.989116,40.743221],[-73.987457,40.75236],[-73.986106,40.756705],[-73.985298,40.75828],[-73.979499,40.766254],[-73.979091,40.766585],[-73.978575,40.766628],[-73.974146,40.7648],[-73.972347,40.764799],[-73.959131,40.75923],[-73.944152,40.752553],[-73.943557,40.752184],[-73.943209,40.75168],[-73.943167,40.750146],[-73.943009,40.749736],[-73.941796,40.748457],[-73.941309,40.748132],[-73.9406,40.747964],[-73.939953,40.748021],[-73.937243,40.748973]]}},{"type":"Feature","properties":{"route":"R"},"geometry":{"type":"LineString","coordinates":[[-73.998091,40.660397],[-74.022507,40.636889],[-74.030876,40.616622]]}},{"type":"Feature","properties":{"route":"R"},"geometry":{"type":"LineString","coordinates":[[-74.030876,40.616622],[-74.022507,40.636889],[-73.992675,40.66562],[-73.983934,40.676104],[-73.978003,40.685024],[-73.978406,40.68773],[-73.978805,40.688068],[-73.980545,40.68876],[-73.980954,40.689031],[-73.982337,40.691624],[-73.982711,40.691957],[-73.983226,40.692077],[-73.98897,40.692367],[-73.989463,40.692621],[-73.99001,40.693389],[-73.990602,40.693768],[-73.998895,40.696088],[-74.01011,40.699942],[-74.011669,40.700612],[-74.012187,40.700997],[-74.012581,40.701582],[-74.013114,40.703592],[-74.013358,40.705072],[-74.013992,40.706007],[-74.014005,40.706459],[-74.013205,40.7074],[-74.010373,40.711631],[-74.009896,40.711769],[-74.008865,40.711498],[-74.008353,40.711676],[-73.991505,40.731693],[-73.989512,40.740195],[-73.989116,40.743221],[-73.98751,40.752127],[-73.986106,40.756705],[-73.985298,40.75828],[-73.977993,40.768274],[-73.977375,40.768794],[-73.97666,40.769062],[-73.976128,40.769101],[-73.975249,40.768949],[-73.974272,40.768546],[-73.971394,40.766856],[-73.964558,40.763973],[-73.963345,40.763733],[-73.962301,40.763949],[-73.961424,40.76462],[-73.947656,40.783471]]}},{"type":"Feature","properties":{"route":"R"},"geometry":{"type":"LineString","coordinates":[[-73.844521,40.721691],[-73.848187,40.723371],[-73.849372,40.724151],[-73.851377,40.7258],[-73.85321,40.72674],[-73.865257,40.731187],[-73.869229,40.733106],[-73.875194,40.734988],[-73.876054,40.735507],[-73.876705,40.736148],[-73.878649,40.739739],[-73.879117,40.740389],[-73.880977,40.741822],[-73.882218,40.742569],[-73.885104,40.743987],[-73.906786,40.753221],[-73.917638,40.758356],[-73.918765,40.75851],[-73.919713,40.758107],[-73.923848,40.752918],[-73.924467,40.752452],[-73.92612,40.752098],[-73.931908,40.751979],[-73.933212,40.751758],[-73.934532,40.751125],[-73.936897,40.749114],[-73.93978,40.748061],[-73.94075,40.747977],[-73.941681,40.74836],[-73.942975,40.749688],[-73.943167,40.750146],[-73.943209,40.75168],[-73.943557,40.752184],[-73.944152,40.752553],[-73.959131,40.75923],[-73.972347,40.764799],[-73.974097,40.764787],[-73.978379,40.766577],[-73.978931,40.766632],[-73.979308,40.766455],[-73.985298,40.75828],[-73.986154,40.756569],[-73.98751,40.752127],[-73.989116,40.743221],[-73.989512,40.740195],[-73.991505,40.731693],[-74.001483,40.719858],[-74.001622,40.719519],[-74.001544,40.719218],[-74.00046,40.718383],[-74.001775,40.719527],[-74.008353,40.711676],[-74.008937,40.7115],[-74.009965,40.711773],[-74.01042,40.711587],[-74.014053,40.706297],[-74.013958,40.705946],[-74.013371,40.705114],[-74.013114,40.703592],[-74.012581,40.701582],[-74.012187,40.700997],[-74.011544,40.700546],[-74.01011,40.699942],[-73.998895,40.696088],[-73.990602,40.693768],[-73.99001,40.693389],[-73.989463,40.692621],[-73.98897,40.692367],[-73.982784,40.691988],[-73.982337,40.691624],[-73.980954,40.689031],[-73.978747,40.688036],[-73.978312,40.687496],[-73.97798,40.685237],[-73.978075,40.684811],[-73.984102,40.675887],[-73.992675,40.66562],[-74.005194,40.653563],[-74.00539,40.653181],[-74.005152,40.652741],[-73.993237,40.645636],[-73.992816,40.645105],[-73.992967,40.644565],[-73.994046,40.643555],[-73.994237,40.643213],[-73.994352,40.639712],[-73.99539,40.631779],[-74.001843,40.608941],[-74.001634,40.60709],[-74.001258,40.606458],[-73.993728,40.601875]]}},{"type":"Feature","properties":{"route":"R"},"geometry":{"type":"LineString","coordinates":[[-74.003549,40.655144],[-73.992675,40.66562],[-73.984016,40.675997],[-73.978075,40.684811],[-73.97798,40.685237],[-73.978312,40.687496],[-73.978747,40.688036],[-73.980954,40.689031],[-73.982337,40.691624],[-73.982784,40.691988],[-73.98897,40.692367],[-73.989463,40.692621],[-73.99001,40.693389],[-73.990602,40.693768],[-73.998895,40.696088],[-74.01011,40.699942],[-74.011544,40.700546],[-74.012187,40.700997],[-74.012581,40.701582],[-74.013114,40.703592],[-74.013358,40.705072],[-74.013992,40.706007],[-74.014044,40.706352],[-74.013205,40.7074],[-74.010465,40.711537],[-74.010032,40.71177],[-74.008937,40.7115],[-74.008353,40.711676],[-73.991505,40.731693],[-73.989512,40.740195],[-73.989116,40.743221],[-73.98751,40.752127],[-73.986106,40.756705],[-73.985298,40.75828],[-73.979499,40.766254],[-73.979091,40.766585],[-73.978276,40.76654],[-73.974121,40.764793],[-73.972347,40.764799],[-73.959131,40.75923],[-73.944152,40.752553],[-73.943557,40.752184],[-73.943209,40.75168],[-73.943167,40.750146],[-73.942975,40.749688],[-73.941681,40.74836],[-73.94075,40.747977],[-73.93978,40.748061],[-73.936897,40.749114],[-73.934532,40.751125],[-73.933212,40.751758],[-73.931908,40.751979],[-73.92612,40.752098],[-73.924467,40.752452],[-73.923848,40.752918],[-73.919713,40.758107],[-73.918765,40.75851],[-73.917638,40.758356],[-73.906786,40.753221],[-73.885104,40.743987],[-73.882218,40.742569],[-73.880977,40.741822],[-73.879117,40.740389],[-73.878649,40.739739],[-73.876705,40.736148],[-73.876054,40.735507],[-73.875194,40.734988],[-73.869229,40.733106],[-73.865257,40.731187],[-73.85321,40.72674],[-73.851377,40.7258],[-73.849372,40.724151],[-73.848187,40.723371],[-73.844521,40.721691]]}},{"type":"Feature","properties":{"route":"1"},"geometry":{"type":"LineString","coordinates":[[-73.90087,40.884667],[-73.901899,40.882988],[-73.906061,40.877176],[-73.908261,40.87577],[-73.912201,40.872766],[-73.913803,40.871376],[-73.919442,40.863782],[-73.920305,40.863239],[-73.924151,40.861805],[-73.92519,40.861],[-73.967465,40.803121],[-73.967789,40.802298],[-73.968082,40.800124],[-73.96866,40.798954],[-73.975942,40.788957],[-73.977656,40.786953],[-73.980473,40.783149],[-73.981314,40.780996],[-73.982058,40.777869],[-73.982212,40.774166],[-73.982088,40.768794],[-73.981689,40.767324],[-73.981977,40.765461],[-73.982464,40.764029],[-73.984577,40.760592],[-73.985786,40.757638],[-74.000973,40.736761],[-74.005062,40.729642],[-74.007117,40.718262],[-74.010848,40.713482],[-74.011986,40.712394],[-74.012648,40.710132],[-74.015086,40.704487],[-74.014952,40.703391],[-74.013664,40.702068]]}},{"type":"Feature","properties":{"route":"1"},"geometry":{"type":"LineString","coordinates":[[-74.013664,40.702068],[-74.014952,40.703391],[-74.015086,40.704487],[-74.012648,40.710132],[-74.011986,40.712394],[-74.010848,40.713482],[-74.007117,40.718262],[-74.005062,40.729642],[-74.000973,40.736761],[-73.985786,40.757638],[-73.984577,40.760592],[-73.982464,40.764029],[-73.981977,40.765461],[-73.981689,40.767324],[-73.982088,40.768794],[-73.982212,40.774166],[-73.982058,40.777869],[-73.981314,40.780996],[-73.980664,40.782794],[-73.977656,40.786953],[-73.975942,40.788957],[-73.968789,40.798763],[-73.968082,40.800124],[-73.967789,40.802298],[-73.967465,40.803121],[-73.953676,40.822008]]}},{"type":"Feature","properties":{"route":"1"},"geometry":{"type":"LineString","coordinates":[[-74.013664,40.702068],[-74.014952,40.703391],[-74.015086,40.704487],[-74.012648,40.710132],[-74.011986,40.712394],[-74.010848,40.713482],[-74.007117,40.718262],[-74.005062,40.729642],[-74.000973,40.736761],[-73.985786,40.757638],[-73.984577,40.760592],[-73.982464,40.764029],[-73.981977,40.765461],[-73.981689,40.767324],[-73.982088,40.768794],[-73.982212,40.774166],[-73.982058,40.777869],[-73.981314,40.780996],[-73.980473,40.783149],[-73.977656,40.786953],[-73.975942,40.788957],[-73.96866,40.798954],[-73.968082,40.800124],[-73.967789,40.802298],[-73.967465,40.803121],[-73.92519,40.861],[-73.924151,40.861805],[-73.920305,40.863239],[-73.919565,40.863669],[-73.915279,40.869444]]}},{"type":"Feature","properties":{"route":"1"},"geometry":{"type":"LineString","coordinates":[[-74.013664,40.702068],[-74.014952,40.703391],[-74.015086,40.704487],[-74.012648,40.710132],[-74.011986,40.712394],[-74.010848,40.713482],[-74.007117,40.718262],[-74.005062,40.729642],[-74.000973,40.736761],[-73.985786,40.757638],[-73.984577,40.760592],[-73.982464,40.764029],[-73.981977,40.765461],[-73.981689,40.767324],[-73.982088,40.768794],[-73.982212,40.774166],[-73.982058,40.777869],[-73.981314,40.780996],[-73.980473,40.783149],[-73.977656,40.786953],[-73.975942,40.788957],[-73.96866,40.798954],[-73.968082,40.800124],[-73.967789,40.802298],[-73.967465,40.803121],[-73.925536,40.860531]]}},{"type":"Feature","properties":{"route":"4"},"geometry":{"type":"LineString","coordinates":[[-73.878751,40.886037],[-73.881332,40.882656],[-73.88754,40.877226],[-73.887857,40.876764],[-73.88882,40.874628],[-73.889214,40.874115],[-73.891764,40.872102],[-73.89477,40.870567],[-73.895412,40.870029],[-73.90166,40.861995],[-73.905292,40.856143],[-73.910243,40.850631],[-73.918951,40.838463],[-73.920309,40.837361],[-73.927074,40.825847],[-73.927191,40.82491],[-73.926226,40.821992],[-73.926218,40.821007],[-73.929244,40.813931],[-73.934662,40.808149],[-73.975427,40.7523],[-73.975869,40.752014],[-73.977884,40.75154],[-73.978287,40.751266],[-73.989845,40.735409],[-73.989969,40.734884],[-73.989863,40.733476],[-73.990682,40.730419],[-73.991669,40.729595],[-73.993622,40.727308],[-73.996631,40.723488],[-73.99722,40.722188],[-74.002905,40.715772],[-74.003369,40.71393],[-74.00493,40.71234],[-74.008372,40.711442],[-74.008725,40.711258],[-74.014065,40.704817]]}},{"type":"Feature","properties":{"route":"4"},"geometry":{"type":"LineString","coordinates":[[-73.897174,40.86776],[-73.90171,40.861924],[-73.905292,40.856143],[-73.910243,40.850631],[-73.918951,40.838463],[-73.92013,40.837556],[-73.920476,40.837105],[-73.927074,40.825847],[-73.927191,40.82491],[-73.926226,40.821992],[-73.926218,40.821007],[-73.929244,40.813931],[-73.934662,40.808149],[-73.975427,40.7523],[-73.975869,40.752014],[-73.977884,40.75154],[-73.978287,40.751266],[-73.989845,40.735409],[-73.989969,40.734884],[-73.989863,40.733476],[-73.990682,40.730419],[-73.991669,40.729595],[-73.993622,40.727308],[-73.996631,40.723488],[-73.99722,40.722188],[-74.002905,40.715772],[-74.003369,40.71393],[-74.00493,40.71234],[-74.008372,40.711442],[-74.00877,40.711218],[-74.013759,40.705299],[-74.014428,40.704123],[-74.014643,40.703477],[-74.014569,40.702752],[-74.014111,40.702119],[-74.005764,40.695813],[-74.003274,40.694909],[-73.999213,40.693877],[-73.989328,40.692242],[-73.981065,40.688902],[-73.971046,40.675235],[-73.969694,40.673552],[-73.968947,40.673056],[-73.964375,40.671987],[-73.955258,40.670118],[-73.932942,40.668897]]}},{"type":"Feature","properties":{"route":"4"},"geometry":{"type":"LineString","coordinates":[[-73.884655,40.87975],[-73.887621,40.877129],[-73.88882,40.874628],[-73.889253,40.874078],[-73.891764,40.872102],[-73.89477,40.870567],[-73.895412,40.870029],[-73.90166,40.861995],[-73.905292,40.856143],[-73.910243,40.850631],[-73.918951,40.838463],[-73.920309,40.837361],[-73.927074,40.825847],[-73.927191,40.82491],[-73.926226,40.821992],[-73.926218,40.821007],[-73.929244,40.813931],[-73.934662,40.808149],[-73.975427,40.7523],[-73.975869,40.752014],[-73.977884,40.75154],[-73.978287,40.751266],[-73.989845,40.735409],[-73.989969,40.734884],[-73.989863,40.733476],[-73.990682,40.730419],[-73.991669,40.729595],[-73.993622,40.727308],[-73.996631,40.723488],[-73.99722,40.722188],[-74.002905,40.715772],[-74.003369,40.71393],[-74.00493,40.71234],[-74.008372,40.711442],[-74.00877,40.711218],[-74.013759,40.705299],[-74.014612,40.703634],[-74.014615,40.70289],[-74.014111,40.702119],[-74.005764,40.695813],[-74.003274,40.694909],[-73.999213,40.693877],[-73.989328,40.692242],[-73.981065,40.688902],[-73.971046,40.675235],[-73.969694,40.673552],[-73.968947,40.673056],[-73.964375,40.671987],[-73.955258,40.670118],[-73.932942,40.668897]]}},{"type":"Feature","properties":{"route":"4"},"geometry":{"type":"LineString","coordinates":[[-73.932942,40.668897],[-73.955258,40.670118],[-73.964375,40.671987],[-73.968947,40.673056],[-73.969694,40.673552],[-73.971046,40.675235],[-73.981065,40.688902],[-73.989328,40.692242],[-73.999213,40.693877],[-74.003274,40.694909],[-74.005764,40.695813],[-74.014111,40.702119],[-74.014509,40.702618],[-74.014659,40.703325],[-74.014428,40.704123],[-74.013759,40.705299],[-74.00877,40.711218],[-74.008372,40.711442],[-74.005023,40.712297],[-74.004131,40.713065],[-74.003263,40.714102],[-74.002905,40.715772],[-73.99722,40.722188],[-73.996631,40.723488],[-73.993622,40.727308],[-73.991669,40.729595],[-73.990727,40.730358],[-73.990488,40.730843],[-73.989863,40.733476],[-73.989969,40.734884],[-73.989845,40.735409],[-73.97826,40.751298],[-73.977843,40.751553],[-73.975817,40.752032],[-73.975427,40.7523],[-73.934662,40.808149],[-73.929244,40.813931],[-73.927351,40.818375]]}},{"type":"Feature","properties":{"route":"4"},"geometry":{"type":"LineString","coordinates":[[-73.890064,40.873412],[-73.891902,40.872012],[-73.89477,40.870567],[-73.895412,40.870029],[-73.90166,40.861995],[-73.905292,40.856143],[-73.910243,40.850631],[-73.918951,40.838463],[-73.920309,40.837361],[-73.927074,40.825847],[-73.927191,40.82491],[-73.926226,40.821992],[-73.926218,40.821007],[-73.929244,40.813931],[-73.934662,40.808149],[-73.975427,40.7523],[-73.975869,40.752014],[-73.977884,40.75154],[-73.978287,40.751266],[-73.989845,40.735409],[-73.989969,40.734884],[-73.989863,40.733476],[-73.990682,40.730419],[-73.991669,40.729595],[-73.993622,40.727308],[-73.996631,40.723488],[-73.99722,40.722188],[-74.002905,40.715772],[-74.003369,40.71393],[-74.00493,40.71234],[-74.008372,40.711442],[-74.00877,40.711218],[-74.013759,40.705299],[-74.014612,40.703634],[-74.014615,40.70289],[-74.014111,40.702119],[-74.005764,40.695813],[-74.003274,40.694909],[-73.999213,40.693877],[-73.989328,40.692242],[-73.981065,40.688902],[-73.971046,40.675235],[-73.969694,40.673552],[-73.968947,40.673056],[-73.964375,40.671987],[-73.955258,40.670118],[-73.932942,40.668897]]}},{"type":"Feature","properties":{"route":"7"},"geometry":{"type":"LineString","coordinates":[[-73.83003,40.7596],[-73.833861,40.758296],[-73.836927,40.757695],[-73.841872,40.755741],[-73.861078,40.750059],[-73.904882,40.745428],[-73.907219,40.745335],[-73.910535,40.744747],[-73.9166,40.742974],[-73.932856,40.744845],[-73.933556,40.74522],[-73.938136,40.749526],[-73.939174,40.750134],[-73.941392,40.751095],[-73.942138,40.751193],[-73.942624,40.750926],[-73.944626,40.748624],[-73.944896,40.748151],[-73.945626,40.745825],[-73.944685,40.74427],[-73.944796,40.743716],[-73.947006,40.742728],[-73.950059,40.741971],[-73.956802,40.74334],[-73.980686,40.753333],[-73.983111,40.754227],[-73.984755,40.754242],[-73.997057,40.759382],[-73.998178,40.759521],[-73.998677,40.759438],[-73.99935,40.759123],[-73.999932,40.758581],[-74.00191,40.755882]]}},{"type":"Feature","properties":{"route":"7"},"geometry":{"type":"LineString","coordinates":[[-73.855334,40.75173],[-73.860609,40.750163],[-73.861521,40.749992],[-73.904882,40.745428],[-73.907327,40.745321],[-73.910535,40.744747],[-73.916102,40.743061],[-73.916796,40.742967],[-73.932936,40.744871],[-73.933556,40.74522],[-73.938026,40.74945],[-73.940202,40.750582],[-73.941495,40.75113],[-73.942055,40.751204],[-73.942624,40.750926],[-73.944626,40.748624],[-73.944896,40.748151],[-73.945626,40.745825],[-73.944685,40.74427],[-73.944796,40.743716],[-73.947006,40.742728],[-73.950123,40.741971],[-73.956802,40.74334],[-73.980686,40.753333],[-73.983111,40.754227],[-73.984755,40.754242],[-73.997057,40.759382],[-73.998178,40.759521],[-73.998677,40.759438],[-73.99935,40.759123],[-73.999932,40.758581],[-74.00191,40.755882]]}},{"type":"Feature","properties":{"route":"7"},"geometry":{"type":"LineString","coordinates":[[-74.00191,40.755882],[-73.999932,40.758581],[-73.99935,40.759123],[-73.998677,40.759438],[-73.998178,40.759521],[-73.997057,40.759382],[-73.984755,40.754242],[-73.983111,40.754227],[-73.980686,40.753333],[-73.956802,40.74334],[-73.950123,40.741971],[-73.947006,40.742728],[-73.944796,40.743716],[-73.944685,40.74427],[-73.945626,40.745825],[-73.944896,40.748151],[-73.944626,40.748624],[-73.942624,40.750926],[-73.942055,40.751204],[-73.941495,40.75113],[-73.940202,40.750582],[-73.938026,40.74945],[-73.933556,40.74522],[-73.932856,40.744845],[-73.916665,40.74297],[-73.910535,40.744747],[-73.907219,40.745335],[-73.904882,40.745428],[-73.861249,40.75003],[-73.845625,40.754622]]}},{"type":"Feature","properties":{"route":"J"},"geometry":{"type":"LineString","coordinates":[[-73.801109,40.702147],[-73.80803,40.70047],[-73.809551,40.699899],[-73.813939,40.698661],[-73.815451,40.698461],[-73.816439,40.698492],[-73.817888,40.698788],[-73.81976,40.699646],[-73.822028,40.701208],[-73.822924,40.701435],[-73.823901,40.701387],[-73.825831,40.700902],[-73.830102,40.700185],[-73.832227,40.699628],[-73.835974,40.697642],[-73.838468,40.696005],[-73.839948,40.695451],[-73.841885,40.695222],[-73.846094,40.695089],[-73.850485,40.694227],[-73.854712,40.69282],[-73.859474,40.692493],[-73.862254,40.692134],[-73.868483,40.69111],[-73.871142,40.690449],[-73.873578,40.689501],[-73.873914,40.689128],[-73.872326,40.684107],[-73.872338,40.683796],[-73.872598,40.683546],[-73.879971,40.681431],[-73.889776,40.678318],[-73.899757,40.676847],[-73.900282,40.677004],[-73.92227,40.68963],[-73.951721,40.706258],[-73.959236,40.708871],[-73.961186,40.710251],[-73.984487,40.717319],[-73.996655,40.721196],[-73.997064,40.721231],[-73.997396,40.721083],[-73.999102,40.71908],[-74.002554,40.714561],[-74.003883,40.712522],[-74.00541,40.712006],[-74.007266,40.710663],[-74.009519,40.708457],[-74.010457,40.70741],[-74.011056,40.706476]]}},{"type":"Feature","properties":{"route":"J"},"geometry":{"type":"LineString","coordinates":[[-73.904512,40.679498],[-73.900236,40.676978],[-73.899806,40.676849],[-73.889829,40.678306],[-73.879971,40.681431],[-73.872496,40.683605],[-73.872322,40.683841],[-73.872326,40.684107],[-73.873914,40.689128],[-73.873578,40.689501],[-73.87128,40.690413],[-73.868483,40.69111],[-73.862254,40.692134],[-73.859474,40.692493],[-73.854712,40.69282],[-73.850485,40.694227],[-73.846094,40.695089],[-73.841885,40.695222],[-73.839948,40.695451],[-73.838468,40.696005],[-73.835974,40.697642],[-73.832227,40.699628],[-73.830102,40.700185],[-73.825831,40.700902],[-73.823901,40.701387],[-73.822924,40.701435],[-73.822028,40.701208],[-73.81976,40.699646],[-73.817888,40.698788],[-73.816439,40.698492],[-73.815451,40.698461],[-73.813939,40.698661],[-73.809551,40.699899],[-73.80803,40.70047],[-73.801109,40.702147]]}},{"type":"Feature","properties":{"route":"Z"},"geometry":{"type":"LineString","coordinates":[[-73.801109,40.702147],[-73.80803,40.70047],[-73.809551,40.699899],[-73.813939,40.698661],[-73.815451,40.698461],[-73.816439,40.698492],[-73.817888,40.698788],[-73.81976,40.699646],[-73.822028,40.701208],[-73.822924,40.701435],[-73.823901,40.701387],[-73.825831,40.700902],[-73.830102,40.700185],[-73.832227,40.699628],[-73.835974,40.697642],[-73.838468,40.696005],[-73.839948,40.695451],[-73.841885,40.695222],[-73.846094,40.695089],[-73.850485,40.694227],[-73.854712,40.69282],[-73.859474,40.692493],[-73.862254,40.692134],[-73.868483,40.69111],[-73.871142,40.690449],[-73.873578,40.689501],[-73.873914,40.689128],[-73.872326,40.684107],[-73.872338,40.683796],[-73.872598,40.683546],[-73.879971,40.681431],[-73.889776,40.678318],[-73.899757,40.676847],[-73.900282,40.677004],[-73.92227,40.68963],[-73.951721,40.706258],[-73.959236,40.708871],[-73.961186,40.710251],[-73.984487,40.717319],[-73.996655,40.721196],[-73.997064,40.721231],[-73.997396,40.721083],[-73.999102,40.71908],[-74.002554,40.714561],[-74.003883,40.712522],[-74.00541,40.712006],[-74.007266,40.710663],[-74.009519,40.708457],[-74.010457,40.70741],[-74.011056,40.706476]]}},{"type":"Feature","properties":{"route":"J"},"geometry":{"type":"LineString","coordinates":[[-74.011056,40.706476],[-74.010457,40.70741],[-74.009519,40.708457],[-74.007266,40.710663],[-74.00541,40.712006],[-74.003883,40.712522],[-74.002554,40.714561],[-73.999102,40.71908],[-73.997396,40.721083],[-73.997064,40.721231],[-73.996655,40.721196],[-73.984487,40.717319],[-73.961186,40.710251],[-73.959236,40.708871],[-73.951765,40.706278],[-73.904512,40.679498]]}},{"type":"Feature","properties":{"route":"J"},"geometry":{"type":"LineString","coordinates":[[-73.898654,40.676992],[-73.899708,40.676847],[-73.900236,40.676978],[-73.92227,40.68963],[-73.951765,40.706278],[-73.959236,40.708871],[-73.961186,40.710251],[-73.984487,40.717319],[-73.996655,40.721196],[-73.997064,40.721231],[-73.997396,40.721083],[-73.999102,40.71908],[-74.002554,40.714561],[-74.003883,40.712522],[-74.00541,40.712006],[-74.007266,40.710663],[-74.009519,40.708457],[-74.010457,40.70741],[-74.011056,40.706476]]}},{"type":"Feature","properties":{"route":"S"},"geometry":{"type":"LineString","coordinates":[[-73.835592,40.580903],[-73.821873,40.584825],[-73.812007,40.588685],[-73.810802,40.58939],[-73.809841,40.590407],[-73.809379,40.591304],[-73.809254,40.59244],[-73.809421,40.593127],[-73.816119,40.608977],[-73.82842,40.656136],[-73.828825,40.657337],[-73.838819,40.678102],[-73.840071,40.680272],[-73.840559,40.680722],[-73.841127,40.680871],[-73.843853,40.680429]]}}]}